baseMean	log2FoldChange	lfcSE	pvalue	padj	Description	Species	Contaminant	xenic	UniProt.KEGG.Terms	UniProt.GO.Biological	UniProt.GO.Cellular	UniProt.GO.Molecular	EggNOG.Predicted.Gene	EggNOG.Description	EggNOG.KEGG.Terms	EggNOG.GO.Biological	EggNOG.GO.Cellular	EggNOG.GO.Molecular	EggNOG.Protein.Domains
TR268132|c0_g1_i1	600.94611551157	-0.0218222920685229	0.0674659804130424	1.09949216658852e-07	0.000497910681634976	tr|R4WRV6|R4WRV6_RIPPE Cathepsin L OS=Riptortus pedestris OX=329032 PE=2 SV=1	riptortus pedestris	No	FALSE	NA					cathepsin	4142,4145,4612,5205,5323	GO:0002165(L=4),GO:0006508(L=4),GO:0007275(L=3),GO:0007431(L=5),GO:0007435(L=5),GO:0007552(L=4),GO:0007559(L=-1),GO:0008150(L=0),GO:0008152(L=1),GO:0008219(L=3),GO:0009056(L=2),GO:0009057(L=4),GO:0009653(L=3),GO:0009791(L=4),GO:0009886(L=4),GO:0009888(L=3),GO:0009987(L=1),GO:0012501(L=4),GO:0016265(L=-1),GO:0016271(L=-1),GO:0019538(L=3),GO:0022612(L=4),GO:0030163(L=4),GO:0032501(L=1),GO:0032502(L=1),GO:0035070(L=5),GO:0035071(L=6),GO:0035272(L=5),GO:0043170(L=3),GO:0044238(L=2),GO:0044699(L=1),GO:0044707(L=2),GO:0044763(L=2),GO:0044767(L=2),GO:0048102(L=5),GO:0048513(L=4),GO:0048707(L=5),GO:0048731(L=4),GO:0048732(L=6),GO:0048856(L=2),GO:0071704(L=2),GO:1901575(L=3),	GO:0000323(L=6),GO:0005575(L=0),GO:0005622(L=3),GO:0005623(L=1),GO:0005737(L=4),GO:0005764(L=7),GO:0005773(L=5),GO:0043226(L=1),GO:0043227(L=2),GO:0043229(L=3),GO:0043231(L=4),GO:0044424(L=3),GO:0044444(L=4),GO:0044464(L=2),GO:0045169(L=5),	GO:0003674(L=0),GO:0003824(L=1),GO:0004175(L=5),GO:0004197(L=6),GO:0008233(L=3),GO:0008234(L=5),GO:0016787(L=2),GO:0070011(L=4),	PFAM (Peptidase_C1, Inhibitor_I29, Peptidase_C1_2), SMART (Pept_C1, Inhibitor_I29, SIGNAL, TRANS)
TR237057|c0_g1_i3	555.947667389105	-2.64378137229407	0.603259344958953	3.39741986727414e-07	0.00131743384226514				FALSE	NA					Insect cuticle protein				GO:0003674(L=0),GO:0005198(L=1),GO:0005214(L=3),GO:0008010(L=4),GO:0042302(L=2),	PFAM (Chitin_bind_4), SMART (SIGNAL, COIL)
TR279315|c0_g1_i1	249.061978615896	0.00466874517099892	0.0618424426252108	7.6041431342331e-06	0.00673478191827476	tr|A0A171AZE4|A0A171AZE4_TRIIF Arylphorin subunit alpha-like protein (Fragment) OS=Triatoma infestans OX=30076 PE=4 SV=1	triatoma infestans	No	FALSE	NA					Larval storage protein (LSP) which may serve as a store of amino acids for synthesis of adult proteins		GO:0000902(L=5),GO:0000904(L=5),GO:0006928(L=3),GO:0006935(L=3),GO:0007154(L=2),GO:0007267(L=3),GO:0007275(L=3),GO:0007399(L=5),GO:0007409(L=7),GO:0007411(L=7),GO:0008037(L=3),GO:0008038(L=5),GO:0008039(L=8),GO:0008045(L=6),GO:0008150(L=0),GO:0008152(L=1),GO:0009605(L=2),GO:0009653(L=3),GO:0009987(L=1),GO:0016043(L=2),GO:0016201(L=6),GO:0022008(L=5),GO:0023052(L=1),GO:0030030(L=3),GO:0030154(L=4),GO:0030182(L=7),GO:0031175(L=5),GO:0032501(L=1),GO:0032502(L=1),GO:0032989(L=4),GO:0032990(L=5),GO:0040011(L=1),GO:0042221(L=2),GO:0042330(L=3),GO:0044699(L=1),GO:0044700(L=2),GO:0044707(L=2),GO:0044710(L=2),GO:0044763(L=2),GO:0044767(L=2),GO:0045165(L=5),GO:0045168(L=5),GO:0046331(L=7),GO:0048468(L=5),GO:0048666(L=6),GO:0048667(L=6),GO:0048699(L=7),GO:0048731(L=4),GO:0048812(L=6),GO:0048856(L=2),GO:0048858(L=5),GO:0048869(L=3),GO:0050896(L=1),GO:0050919(L=5),GO:0055114(L=3),GO:0061564(L=8),GO:0071840(L=1),GO:0097485(L=4),	GO:0005575(L=0),GO:0005576(L=1),GO:0005615(L=3),GO:0005616(L=3),GO:0005622(L=3),GO:0005623(L=1),GO:0005737(L=4),GO:0005811(L=5),GO:0032991(L=1),GO:0043234(L=2),GO:0044421(L=2),GO:0044424(L=3),GO:0044444(L=4),GO:0044464(L=2),	GO:0003674(L=0),GO:0003824(L=1),GO:0004497(L=3),GO:0004503(L=5),GO:0016491(L=2),GO:0016705(L=3),GO:0016716(L=4),GO:0045735(L=1),	PFAM (Hemocyanin_M, Hemocyanin_N, Hemocyanin_C), SMART (SIGNAL, TRANS)
TR77179|c0_g1_i1	723.642230061335	1.0857078426707	0.287888406574641	5.73783330560168e-06	0.00673478191827476				FALSE	NA										
TR221559|c2_g1_i1	93.0157100591255	-0.0295006666095277	0.0723912741521833	1.17399646069891e-05	0.0127374876546282	XP_014273122.1 phospholipase A1-like isoform X1 [Halyomorpha halys]	halyomorpha halys	No	FALSE	NA					Lipase		GO:0006629(L=3),GO:0008150(L=0),GO:0008152(L=1),GO:0044238(L=2),GO:0044710(L=2),GO:0071704(L=2),	GO:0005575(L=0),GO:0005576(L=1),	GO:0003674(L=0),GO:0003824(L=1),GO:0004806(L=5),GO:0016298(L=4),GO:0016787(L=2),GO:0016788(L=3),GO:0050253(L=5),GO:0052689(L=4),	PFAM (Lipase, DUF676, Ank), SMART (ANK, SIGNAL, TRANS)
TR275781|c3_g7_i2	235.646856939551	2.32975008938892	0.712283232679642	2.6729270401018e-05	0.0241670058320489				FALSE	NA										
TR253297|c1_g2_i1	191.829964327372	-0.0299754285909961	0.0726709401210923	2.67729314970054e-05	0.0262408055502187	tr|A0A2R7WN51|A0A2R7WN51_ONCFA N-acetyltransferase domain-containing protein OS=Oncopeltus fasciatus OX=7536 GN=OFAS_OFAS011166 PE=4 SV=1	oncopeltus fasciatus	No	FALSE	NA					FR47-like protein		GO:0008150(L=0),GO:0008152(L=1),		GO:0003674(L=0),GO:0003824(L=1),GO:0008080(L=6),GO:0016407(L=5),GO:0016410(L=5),GO:0016740(L=2),GO:0016746(L=3),GO:0016747(L=4),	PFAM (Acetyltransf_1, FR47)
TR261303|c2_g1_i2	113.565904045587	-0.0114168062009997	0.0631477901116346	5.92562146132735e-05	0.0262408055502187	tr|R4WRV6|R4WRV6_RIPPE Cathepsin L OS=Riptortus pedestris OX=329032 PE=2 SV=1	riptortus pedestris	No	FALSE	NA					cathepsin	4142,4145,4612,5205,5323	GO:0002165(L=4),GO:0006508(L=4),GO:0007275(L=3),GO:0007431(L=5),GO:0007435(L=5),GO:0007552(L=4),GO:0007559(L=-1),GO:0008150(L=0),GO:0008152(L=1),GO:0008219(L=3),GO:0009056(L=2),GO:0009057(L=4),GO:0009653(L=3),GO:0009791(L=4),GO:0009886(L=4),GO:0009888(L=3),GO:0009987(L=1),GO:0012501(L=4),GO:0016265(L=-1),GO:0016271(L=-1),GO:0019538(L=3),GO:0022612(L=4),GO:0030163(L=4),GO:0032501(L=1),GO:0032502(L=1),GO:0035070(L=5),GO:0035071(L=6),GO:0035272(L=5),GO:0043170(L=3),GO:0044238(L=2),GO:0044699(L=1),GO:0044707(L=2),GO:0044763(L=2),GO:0044767(L=2),GO:0048102(L=5),GO:0048513(L=4),GO:0048707(L=5),GO:0048731(L=4),GO:0048732(L=6),GO:0048856(L=2),GO:0071704(L=2),GO:1901575(L=3),	GO:0000323(L=6),GO:0005575(L=0),GO:0005622(L=3),GO:0005623(L=1),GO:0005737(L=4),GO:0005764(L=7),GO:0005773(L=5),GO:0043226(L=1),GO:0043227(L=2),GO:0043229(L=3),GO:0043231(L=4),GO:0044424(L=3),GO:0044444(L=4),GO:0044464(L=2),GO:0045169(L=5),	GO:0003674(L=0),GO:0003824(L=1),GO:0004175(L=5),GO:0004197(L=6),GO:0008233(L=3),GO:0008234(L=5),GO:0016787(L=2),GO:0070011(L=4),	PFAM (Peptidase_C1, Inhibitor_I29, Peptidase_C1_2), SMART (Pept_C1, Inhibitor_I29, SIGNAL, TRANS)
TR197145|c0_g1_i1	127.549398363519	-0.84230647371691	0.292966279056971	8.29299740169378e-05	0.0293516213745933	tr|A0A507C312|A0A507C312_9FUNG Utp12 domain-containing protein OS=Synchytrium endobioticum OX=286115 GN=SeLEV6574_g06809 PE=4 SV=1	synchytrium endobioticum	Yes	TRUE	NA					Dip2/Utp12 Family	3008				PFAM (WD40, Utp12), SMART (WD40)
TR276028|c0_g1_i2	89.7670193193532	-1.75473497907228	0.531688542915827	7.70247899000525e-05	0.0293516213745933	XP_014285540.1 androgen-induced gene 1 protein-like [Halyomorpha halys]	halyomorpha halys	No	FALSE	NA				AIG1	androgen-dependent TFPI-regulating protein		GO:0007275(L=3),GO:0008150(L=0),GO:0032501(L=1),GO:0032502(L=1),GO:0043581(L=-1),GO:0044699(L=1),GO:0044707(L=2),GO:0044767(L=2),GO:0048856(L=2),	GO:0005575(L=0),GO:0005622(L=3),GO:0005623(L=1),GO:0005737(L=4),GO:0005783(L=4),GO:0005789(L=3),GO:0005886(L=3),GO:0012505(L=3),GO:0016020(L=1),GO:0016021(L=4),GO:0031090(L=3),GO:0031224(L=3),GO:0042175(L=3),GO:0043226(L=1),GO:0043227(L=2),GO:0043229(L=3),GO:0043231(L=4),GO:0044422(L=2),GO:0044424(L=3),GO:0044425(L=2),GO:0044432(L=5),GO:0044444(L=4),GO:0044446(L=3),GO:0044464(L=2),GO:0071944(L=3),	GO:0003674(L=0),GO:0003676(L=3),GO:0003677(L=4),GO:0003682(L=3),GO:0005488(L=1),GO:0097159(L=2),GO:1901363(L=2),	PFAM (Far-17a_AIG1), SMART (TRANS)
TR212276|c2_g3_i3	98.5311156440072	0.00118640496583034	0.0616087902988967	0.000112065074884414	0.0330529028287062				FALSE	NA										
TR248038|c3_g1_i1	96.8131592463223	0.00138950482912573	0.0616147397818647	0.000122713475006118	0.0330529028287062	tr|R4WCQ9|R4WCQ9_RIPPE Uncharacterized protein OS=Riptortus pedestris OX=329032 PE=2 SV=1	riptortus pedestris	No	FALSE	NA										
TR226551|c2_g1_i1	129.651187001911	2.82723994989036	1.59996378715377	0.000214217485371997	0.05059607249546				FALSE	NA										
TR42272|c0_g1_i1	100.65325809587	0.00838063079474552	0.0623663796890737	0.000199945482547154	0.05059607249546				FALSE	NA										
TR78788|c0_g1_i1	22.2502576630067	-0.0215879110232075	0.0671902928905504	1.98496270207294e-05	0.0626412386022503				FALSE	NA										
TR273215|c1_g4_i1	10.6578890006134	-0.0103173294087564	0.0628385338371053	1.47321472162029e-05	0.0627493027525724				FALSE	NA										
TR230644|c0_g1_i3	244.850535355592	-0.00858053552252983	0.062441255738568	0.000304013889327983	0.0632943685174672	XP_014286294.1 cathepsin L1-like [Halyomorpha halys]	halyomorpha halys	No	FALSE	NA				CTSL2	cathepsin	4142,4142,4145,4612,5205,5323,5202	GO:0000003(L=1),GO:0001890(L=6),GO:0001893(L=5),GO:0002165(L=4),GO:0002250(L=3),GO:0002376(L=1),GO:0002478(L=4),GO:0002495(L=4),GO:0002504(L=3),GO:0003006(L=2),GO:0006508(L=4),GO:0006915(L=5),GO:0006925(L=6),GO:0006950(L=2),GO:0006952(L=3),GO:0006955(L=2),GO:0007154(L=2),GO:0007165(L=3),GO:0007166(L=4),GO:0007186(L=4),GO:0007275(L=3),GO:0007276(L=3),GO:0007283(L=6),GO:0007399(L=5),GO:0007431(L=5),GO:0007435(L=5),GO:0007548(L=3),GO:0007552(L=4),GO:0007559(L=-1),GO:0007565(L=4),GO:0007568(L=3),GO:0008150(L=0),GO:0008152(L=1),GO:0008219(L=3),GO:0008406(L=4),GO:0008584(L=5),GO:0009056(L=2),GO:0009057(L=4),GO:0009267(L=4),GO:0009605(L=2),GO:0009653(L=3),GO:0009719(L=2),GO:0009725(L=3),GO:0009743(L=4),GO:0009746(L=6),GO:0009749(L=7),GO:0009790(L=4),GO:0009791(L=4),GO:0009792(L=5),GO:0009886(L=4),GO:0009888(L=3),GO:0009987(L=1),GO:0009991(L=3),GO:0010033(L=3),GO:0010259(L=4),GO:0012501(L=4),GO:0014070(L=4),GO:0016265(L=-1),GO:0016271(L=-1),GO:0019538(L=3),GO:0019882(L=2),GO:0019884(L=3),GO:0019886(L=5),GO:0019953(L=2),GO:0021675(L=5),GO:0022414(L=2),GO:0022612(L=4),GO:0023052(L=1),GO:0030154(L=4),GO:0030163(L=4),GO:0030855(L=5),GO:0031667(L=4),GO:0031668(L=3),GO:0031669(L=4),GO:0031960(L=5),GO:0032501(L=1),GO:0032502(L=1),GO:0032504(L=2),GO:0032870(L=4),GO:0033028(L=6),GO:0033554(L=3),GO:0033993(L=4),GO:0034284(L=5),GO:0034698(L=4),GO:0035070(L=5),GO:0035071(L=6),GO:0035272(L=5),GO:0040008(L=3),GO:0040009(L=4),GO:0040010(L=5),GO:0040011(L=1),GO:0042221(L=2),GO:0042594(L=3),GO:0043170(L=3),GO:0044238(L=2),GO:0044699(L=1),GO:0044700(L=2),GO:0044702(L=3),GO:0044703(L=3),GO:0044706(L=2),GO:0044707(L=2),GO:0044763(L=2),GO:0044767(L=2),GO:0045087(L=3),GO:0045137(L=4),GO:0045927(L=4),GO:0046546(L=5),GO:0046661(L=4),GO:0046697(L=5),GO:0048002(L=3),GO:0048102(L=5),GO:0048232(L=5),GO:0048513(L=4),GO:0048518(L=3),GO:0048545(L=4),GO:0048608(L=5),GO:0048609(L=3),GO:0048610(L=-1),GO:0048707(L=5),GO:0048731(L=4),GO:0048732(L=6),GO:0048856(L=2),GO:0048863(L=5),GO:0048869(L=3),GO:0050789(L=2),GO:0050794(L=3),GO:0050896(L=1),GO:0051384(L=6),GO:0051704(L=1),GO:0051716(L=2),GO:0060008(L=5),GO:0060135(L=4),GO:0060429(L=4),GO:0061458(L=5),GO:0065007(L=1),GO:0070265(L=4),GO:0070887(L=3),GO:0071310(L=4),GO:0071495(L=3),GO:0071496(L=3),GO:0071704(L=2),GO:0071887(L=6),GO:0071888(L=7),GO:0097066(L=4),GO:0097067(L=5),GO:0097285(L=-1),GO:1901575(L=3),GO:1901700(L=3),	GO:0000323(L=6),GO:0005575(L=0),GO:0005576(L=1),GO:0005622(L=3),GO:0005623(L=1),GO:0005634(L=5),GO:0005730(L=5),GO:0005737(L=4),GO:0005764(L=7),GO:0005768(L=5),GO:0005773(L=5),GO:0005775(L=5),GO:0005886(L=3),GO:0005902(L=5),GO:0009897(L=3),GO:0009986(L=3),GO:0016020(L=1),GO:0016021(L=4),GO:0031224(L=3),GO:0031904(L=5),GO:0031974(L=1),GO:0031981(L=6),GO:0031982(L=3),GO:0031983(L=4),GO:0036019(L=7),GO:0036021(L=8),GO:0042718(L=5),GO:0042995(L=3),GO:0043005(L=4),GO:0043025(L=4),GO:0043202(L=7),GO:0043204(L=4),GO:0043226(L=1),GO:0043227(L=2),GO:0043228(L=2),GO:0043229(L=3),GO:0043231(L=4),GO:0043232(L=3),GO:0043233(L=2),GO:0044297(L=3),GO:0044422(L=2),GO:0044424(L=3),GO:0044425(L=2),GO:0044428(L=5),GO:0044437(L=5),GO:0044440(L=6),GO:0044444(L=4),GO:0044446(L=3),GO:0044459(L=3),GO:0044464(L=2),GO:0045169(L=5),GO:0060417(L=5),GO:0070013(L=3),GO:0071944(L=3),GO:0097458(L=3),	GO:0003674(L=0),GO:0003824(L=1),GO:0004175(L=5),GO:0004177(L=6),GO:0004197(L=6),GO:0004871(L=1),GO:0004872(L=2),GO:0004888(L=3),GO:0004930(L=4),GO:0005488(L=1),GO:0005515(L=2),GO:0008233(L=3),GO:0008234(L=5),GO:0008238(L=5),GO:0016787(L=2),GO:0033218(L=2),GO:0038023(L=2),GO:0042277(L=3),GO:0042393(L=3),GO:0060089(L=1),GO:0070011(L=4),	PFAM (Peptidase_C1, Inhibitor_I29, Peptidase_C1_2), SMART (Pept_C1, Inhibitor_I29, SIGNAL, TRANS)
TR251762|c0_g2_i3	407.927936462763	2.35216688958187	0.704581729487462	0.000147913174367423	0.0637300033689831	tr|R4WJK9|R4WJK9_RIPPE Thiol_cytolys_C domain-containing protein OS=Riptortus pedestris OX=329032 PE=2 SV=1	riptortus pedestris	No	FALSE	NA				HLY	Sulfhydryl-activated toxin that causes cytolysis by forming pores in cholesterol containing host membranes. After binding to target membranes, the protein undergoes a major conformation change, leading to its insertion in the host membrane and formation of an oligomeric pore complex. Cholesterol may be required for binding to host membranes, membrane insertion and pore formation. Can be reversibly inactivated by oxidation	4621	GO:0001906(L=1),GO:0007155(L=2),GO:0008150(L=0),GO:0008219(L=3),GO:0009405(L=3),GO:0009987(L=1),GO:0016265(L=-1),GO:0019835(L=2),GO:0022610(L=1),GO:0031640(L=2),GO:0035821(L=2),GO:0044179(L=4),GO:0044364(L=3),GO:0044699(L=1),GO:0044763(L=2),GO:0051704(L=1),GO:0051715(L=3),GO:0065007(L=1),GO:0065008(L=2),	GO:0005575(L=0),GO:0005576(L=1),GO:0016020(L=1),GO:0016021(L=4),GO:0018995(L=2),GO:0020002(L=6),GO:0031224(L=3),GO:0033643(L=4),GO:0033644(L=5),GO:0043245(L=3),GO:0043657(L=3),GO:0044215(L=1),GO:0044216(L=3),GO:0044217(L=2),GO:0044218(L=3),GO:0044279(L=3),GO:0044421(L=2),GO:0044425(L=2),	GO:0003674(L=0),GO:0005488(L=1),GO:0005496(L=3),GO:0008289(L=2),GO:0015485(L=4),GO:0032934(L=4),GO:0036094(L=2),GO:0043178(L=3),GO:0097159(L=2),	PFAM (Thiol_cytolysin), SMART (SIGNAL, TRANS)
TR202215|c0_g1_i1	122.898676912592	3.47330629623365	1.53812619139597	0.000285883105181842	0.0816247534500687	tr|R4WHZ7|R4WHZ7_RIPPE DUF3421 domain-containing protein OS=Riptortus pedestris OX=329032 PE=2 SV=1	riptortus pedestris	No	FALSE	NA					Protein of unknown function (DUF3421)		GO:0007275(L=3),GO:0007399(L=5),GO:0008150(L=0),GO:0008152(L=1),GO:0009987(L=1),GO:0022008(L=5),GO:0030154(L=4),GO:0032259(L=2),GO:0032501(L=1),GO:0032502(L=1),GO:0044699(L=1),GO:0044707(L=2),GO:0044763(L=2),GO:0048731(L=4),GO:0048856(L=2),GO:0048869(L=3),		GO:0003674(L=0),GO:0003824(L=1),GO:0008168(L=4),GO:0016740(L=2),GO:0016741(L=3),	PFAM (DUF3421), SMART (DM9, LDLa, SIGNAL)
TR214073|c0_g2_i2	275.562683226484	1.72572858108017	1.83509643538339	0.00058231643750647	0.103050385560238				FALSE	NA					Ankyrin repeat					PFAM (Ank), SMART (ANK)
TR200887|c1_g2_i5	100.427820616304	-0.0432798012580504	0.0860237831514233	0.000495334966601046	0.106816660390896	XP_014285443.1 calcium/calmodulin-dependent protein kinase type II delta chain isoform X15 [Halyomorpha halys]	halyomorpha halys	No	FALSE	NA				CAMKII	calmodulin-dependent protein kinase	4012,4020,4066,4114,4310,4713,4720,4722,4725,4728,4740,4745,4911,4912,4916,4971,5031,5152,5205,5214	GO:0000003(L=1),GO:0003008(L=2),GO:0006464(L=5),GO:0006468(L=6),GO:0006793(L=3),GO:0006796(L=4),GO:0007154(L=2),GO:0007267(L=3),GO:0007268(L=7),GO:0007275(L=3),GO:0007517(L=6),GO:0007519(L=6),GO:0007528(L=4),GO:0007610(L=1),GO:0007611(L=3),GO:0007613(L=4),GO:0007616(L=7),GO:0007617(L=4),GO:0007618(L=3),GO:0007619(L=5),GO:0008049(L=5),GO:0008150(L=0),GO:0008152(L=1),GO:0009888(L=3),GO:0009987(L=1),GO:0014706(L=5),GO:0016043(L=2),GO:0016310(L=5),GO:0019098(L=2),GO:0019226(L=4),GO:0019538(L=3),GO:0022414(L=2),GO:0023052(L=1),GO:0030154(L=4),GO:0031344(L=5),GO:0032501(L=1),GO:0032502(L=1),GO:0032504(L=2),GO:0035637(L=3),GO:0036211(L=4),GO:0042692(L=5),GO:0043170(L=3),GO:0043412(L=4),GO:0044087(L=3),GO:0044237(L=2),GO:0044238(L=2),GO:0044260(L=3),GO:0044267(L=4),GO:0044699(L=1),GO:0044700(L=2),GO:0044703(L=3),GO:0044706(L=2),GO:0044707(L=2),GO:0044708(L=2),GO:0044763(L=2),GO:0044767(L=2),GO:0048468(L=5),GO:0048513(L=4),GO:0048609(L=3),GO:0048731(L=4),GO:0048741(L=7),GO:0048747(L=7),GO:0048856(L=2),GO:0048869(L=3),GO:0050789(L=2),GO:0050794(L=3),GO:0050808(L=3),GO:0050877(L=3),GO:0050890(L=4),GO:0050896(L=1),GO:0051128(L=4),GO:0051146(L=6),GO:0051239(L=3),GO:0051489(L=6),GO:0051704(L=1),GO:0051705(L=2),GO:0055001(L=6),GO:0055002(L=7),GO:0060179(L=5),GO:0060278(L=4),GO:0060491(L=5),GO:0060537(L=4),GO:0060538(L=7),GO:0061061(L=3),GO:0065007(L=1),GO:0071704(L=2),GO:0071840(L=1),GO:2000241(L=3),	GO:0005575(L=0),GO:0005622(L=3),GO:0005623(L=1),GO:0005886(L=3),GO:0005954(L=4),GO:0016020(L=1),GO:0030424(L=5),GO:0030425(L=4),GO:0032991(L=1),GO:0042995(L=3),GO:0043005(L=4),GO:0043234(L=2),GO:0044424(L=3),GO:0044456(L=2),GO:0044464(L=2),GO:0045202(L=1),GO:0045211(L=3),GO:0048786(L=3),GO:0071944(L=3),GO:0097060(L=2),GO:0097458(L=3),	GO:0000166(L=3),GO:0001882(L=3),GO:0001883(L=4),GO:0003674(L=0),GO:0003824(L=1),GO:0004672(L=5),GO:0004674(L=6),GO:0004683(L=7),GO:0005488(L=1),GO:0005515(L=2),GO:0005516(L=3),GO:0005524(L=7),GO:0016301(L=4),GO:0016740(L=2),GO:0016772(L=3),GO:0016773(L=4),GO:0017076(L=4),GO:0030554(L=5),GO:0032549(L=4),GO:0032550(L=5),GO:0032553(L=3),GO:0032555(L=4),GO:0032559(L=6),GO:0035639(L=4),GO:0036094(L=2),GO:0043167(L=2),GO:0043168(L=3),GO:0097159(L=2),GO:1901265(L=3),GO:1901363(L=2),	PFAM (Pkinase_Tyr, Pkinase, CaMKII_AD), SMART (S_TKc, TRANS, STYKc, SIGNAL)
TR110340|c0_g1_i1	117.956939852297	0.00585423124868441	0.0619777980944385	0.000779431948761978	0.120055929062419	tr|A0A7X3GEX9|A0A7X3GEX9_9BACL Uncharacterized protein OS=Paenibacillus sp. MMS18-CY102 OX=2682849 GN=GON22_03360 PE=4 SV=1	paenibacillus sp. mms18-cy102	Yes	TRUE	NA					Ankyrin repeat					PFAM (Ank), SMART (ANK)
TR247885|c0_g1_i1	88.557834595373	0.610594297351739	0.26791461643216	0.000752415006197538	0.120055929062419	XP_014277895.1 protein ABHD16A isoform X1 [Halyomorpha halys]	halyomorpha halys	No	FALSE	NA					alpha/beta hydrolase fold					PFAM (Abhydrolase_1), SMART (TRANS)
TR199231|c0_g1_i1	312.221619166685	1.42435320388451	0.66335846455173	0.000597807843947607	0.135125514411499	tr|R4WCP8|R4WCP8_RIPPE CRAL-TRIO domain-containing protein OS=Riptortus pedestris OX=329032 PE=2 SV=1	riptortus pedestris	No	FALSE	NA					SEC14		GO:0006810(L=3),GO:0008150(L=0),GO:0008152(L=1),GO:0051179(L=1),GO:0051234(L=2),	GO:0005575(L=0),GO:0005622(L=3),GO:0005623(L=1),GO:0005737(L=4),GO:0005811(L=5),GO:0044424(L=3),GO:0044444(L=4),GO:0044464(L=2),	GO:0003674(L=0),GO:0003824(L=1),GO:0005215(L=1),GO:0005488(L=1),GO:0005501(L=4),GO:0008289(L=2),GO:0016787(L=2),GO:0016918(L=4),GO:0019840(L=3),GO:0019842(L=3),GO:0036094(L=2),	PFAM (CRAL_TRIO, CRAL_TRIO_N), SMART (SEC14, CRAL_TRIO_N, COIL)
TR219112|c0_g1_i1	89.3394691015955	0.882518454339003	0.430672489767895	0.00111284074598177	0.14071307285489	XP_024218129.1 monocarboxylate transporter 12-like isoform X2 [Halyomorpha halys]	halyomorpha halys	No	FALSE	NA					Major Facilitator Superfamily		GO:0006810(L=3),GO:0008150(L=0),GO:0009987(L=1),GO:0044699(L=1),GO:0044763(L=2),GO:0044765(L=3),GO:0051179(L=1),GO:0051234(L=2),GO:0055085(L=4),	GO:0005575(L=0),GO:0016020(L=1),GO:0016021(L=4),GO:0031224(L=3),GO:0044425(L=2),		PFAM (MFS_1, Sugar_tr, ATG22), SMART (TRANS, COIL)
TR223932|c0_g1_i1	1234.81909719501	1.48093376088308	0.742475735476927	0.0010573342179983	0.14071307285489	tr|R4WHT4|R4WHT4_RIPPE Uncharacterized protein OS=Riptortus pedestris OX=329032 PE=2 SV=1	riptortus pedestris	No	FALSE	NA										
TR228423|c0_g1_i1	121.655509947911	1.38527298097353	0.942715439640791	0.00106778161125773	0.14071307285489	tr|R4WD16|R4WD16_RIPPE Uncharacterized protein OS=Riptortus pedestris OX=329032 PE=2 SV=1	riptortus pedestris	No	FALSE	NA										
TR283749|c0_g1_i1	160.732630395608	-0.674254493691034	0.312894253326493	0.000870027890004425	0.14071307285489	XP_014276150.1 pre-rRNA processing protein FTSJ3 [Halyomorpha halys]	halyomorpha halys	No	FALSE	NA					ribosomal RNA methyltransferase		GO:0000154(L=7),GO:0001510(L=4),GO:0006139(L=3),GO:0006364(L=7),GO:0006396(L=5),GO:0006725(L=3),GO:0006807(L=2),GO:0008150(L=0),GO:0008152(L=1),GO:0009451(L=5),GO:0009987(L=1),GO:0010467(L=4),GO:0016070(L=4),GO:0016072(L=7),GO:0022613(L=3),GO:0031167(L=7),GO:0032259(L=2),GO:0034470(L=7),GO:0034641(L=3),GO:0034660(L=5),GO:0042254(L=4),GO:0043170(L=3),GO:0043412(L=4),GO:0043414(L=3),GO:0044085(L=2),GO:0044237(L=2),GO:0044238(L=2),GO:0044260(L=3),GO:0044710(L=2),GO:0046483(L=3),GO:0055114(L=3),GO:0071704(L=2),GO:0071840(L=1),GO:0090304(L=4),GO:1901360(L=3),	GO:0005575(L=0),GO:0005622(L=3),GO:0005623(L=1),GO:0005634(L=5),GO:0005730(L=5),GO:0031974(L=1),GO:0031981(L=6),GO:0043226(L=1),GO:0043227(L=2),GO:0043228(L=2),GO:0043229(L=3),GO:0043231(L=4),GO:0043232(L=3),GO:0043233(L=2),GO:0044422(L=2),GO:0044424(L=3),GO:0044428(L=5),GO:0044446(L=3),GO:0044464(L=2),GO:0070013(L=3),	GO:0003674(L=0),GO:0003824(L=1),GO:0004497(L=3),GO:0005488(L=1),GO:0005506(L=6),GO:0008168(L=4),GO:0008173(L=5),GO:0008649(L=6),GO:0008757(L=5),GO:0009055(L=1),GO:0016491(L=2),GO:0016705(L=3),GO:0016740(L=2),GO:0016741(L=3),GO:0020037(L=4),GO:0043167(L=2),GO:0043169(L=3),GO:0046872(L=4),GO:0046906(L=3),GO:0046914(L=5),GO:0097159(L=2),GO:1901363(L=2),	PFAM (DUF3381, FtsJ, Spb1_C, DUF148, p450), SMART (COIL, SIGNAL, TRANS)
TR133696|c0_g1_i1	122.70385337804	-0.0450936130834472	0.0878303131759784	0.00158568612540853	0.187743751356323				FALSE	NA										
TR235652|c2_g1_i2	158.77366974628	-0.664685002206179	0.339214214216418	0.00124373381545699	0.187743751356323	XP_014283242.1 LOW QUALITY PROTEIN: partner of Y14 and mago [Halyomorpha halys]	halyomorpha halys	No	FALSE	NA				WIBG	Regulator of the exon junction complex (EJC), a multiprotein complex that associates immediately upstream of the exon-exon junction on mRNAs and serves as a positional landmarks for the intron exon structure of genes and directs post- transcriptional processes in the cytoplasm such as mRNA export, nonsense-mediated mRNA decay (NMD) or translation	3013,3015	GO:0000184(L=8),GO:0000956(L=7),GO:0006139(L=3),GO:0006401(L=5),GO:0006402(L=6),GO:0006725(L=3),GO:0006807(L=2),GO:0008150(L=0),GO:0008152(L=1),GO:0009056(L=2),GO:0009057(L=4),GO:0009987(L=1),GO:0016070(L=4),GO:0016071(L=5),GO:0019439(L=4),GO:0034641(L=3),GO:0034655(L=4),GO:0043170(L=3),GO:0044237(L=2),GO:0044238(L=2),GO:0044248(L=3),GO:0044260(L=3),GO:0044265(L=4),GO:0044270(L=4),GO:0046483(L=3),GO:0046700(L=4),GO:0071704(L=2),GO:0090304(L=4),GO:1901360(L=3),GO:1901361(L=4),GO:1901575(L=3),	GO:0005575(L=0),GO:0005622(L=3),GO:0005623(L=1),GO:0005634(L=5),GO:0005737(L=4),GO:0032991(L=1),GO:0035145(L=6),GO:0043226(L=1),GO:0043227(L=2),GO:0043229(L=3),GO:0043231(L=4),GO:0043234(L=2),GO:0044422(L=2),GO:0044424(L=3),GO:0044428(L=5),GO:0044446(L=3),GO:0044464(L=2),	GO:0003674(L=0),GO:0003676(L=3),GO:0003723(L=4),GO:0005488(L=1),GO:0005515(L=2),GO:0097159(L=2),GO:1901363(L=2),	PFAM (Mago-bind), SMART (COIL)
TR133722|c0_g1_i1	2606.19980429489	0.801063647146108	0.380226393922914	0.00140166928327492	0.214688502110672				FALSE	NA										
TR243010|c0_g1_i1	87.6747077034266	2.05279605537076	1.73321518299989	0.0013981441306908	0.214688502110672	tr|V5H1A5|V5H1A5_ANOGL Plexin-A4 (Fragment) OS=Anoplophora glabripennis OX=217634 GN=PLXA4 PE=4 SV=1	anoplophora glabripennis	No	FALSE	NA				PLEXA	plexin a	4360	GO:0000902(L=5),GO:0000904(L=5),GO:0006928(L=3),GO:0006935(L=3),GO:0007154(L=2),GO:0007165(L=3),GO:0007166(L=4),GO:0007275(L=3),GO:0007399(L=5),GO:0007409(L=7),GO:0007411(L=7),GO:0008037(L=3),GO:0008038(L=5),GO:0008045(L=6),GO:0008150(L=0),GO:0009605(L=2),GO:0009653(L=3),GO:0009987(L=1),GO:0010769(L=6),GO:0010975(L=9),GO:0016043(L=2),GO:0016198(L=6),GO:0016199(L=9),GO:0022008(L=5),GO:0022603(L=4),GO:0022604(L=5),GO:0023052(L=1),GO:0030030(L=3),GO:0030154(L=4),GO:0030182(L=7),GO:0031175(L=5),GO:0031344(L=5),GO:0032101(L=4),GO:0032501(L=1),GO:0032502(L=1),GO:0032879(L=3),GO:0032989(L=4),GO:0032990(L=5),GO:0040011(L=1),GO:0040012(L=3),GO:0042221(L=2),GO:0042330(L=3),GO:0044699(L=1),GO:0044700(L=2),GO:0044707(L=2),GO:0044763(L=2),GO:0044767(L=2),GO:0045595(L=5),GO:0045664(L=8),GO:0048468(L=5),GO:0048583(L=3),GO:0048666(L=6),GO:0048667(L=6),GO:0048699(L=7),GO:0048731(L=4),GO:0048812(L=6),GO:0048856(L=2),GO:0048858(L=5),GO:0048869(L=3),GO:0050767(L=7),GO:0050770(L=10),GO:0050789(L=2),GO:0050793(L=3),GO:0050794(L=3),GO:0050795(L=3),GO:0050896(L=1),GO:0050920(L=4),GO:0051128(L=4),GO:0051239(L=3),GO:0051270(L=4),GO:0051716(L=2),GO:0051960(L=5),GO:0060284(L=5),GO:0061564(L=8),GO:0065007(L=1),GO:0071526(L=5),GO:0071840(L=1),GO:0097485(L=4),GO:2000026(L=4),GO:2000289(L=12),GO:2000305(L=8),	GO:0005575(L=0),GO:0005622(L=3),GO:0005623(L=1),GO:0016020(L=1),GO:0016021(L=4),GO:0031224(L=3),GO:0044425(L=2),GO:0044464(L=2),	GO:0003674(L=0),GO:0004871(L=1),GO:0004872(L=2),GO:0004888(L=3),GO:0005488(L=1),GO:0005515(L=2),GO:0005539(L=3),GO:0008046(L=4),GO:0008201(L=3),GO:0017154(L=4),GO:0038023(L=2),GO:0043167(L=2),GO:0043168(L=3),GO:0060089(L=1),GO:0071889(L=3),GO:0097367(L=2),GO:1901681(L=2),	PFAM (PSI, TIG, Plexin_cytopl, Sema), SMART (IPT, PSI, TRANS, Sema, COIL, SIGNAL)
TR250736|c0_g1_i1	517.430048845445	-0.0116728260065875	0.0631328986601617	0.00218229558724698	0.214688502110672	XP_014286184.2 solute carrier organic anion transporter family member 2A1 [Halyomorpha halys]	halyomorpha halys	No	FALSE	NA					Organic anion		GO:0006810(L=3),GO:0006811(L=4),GO:0006820(L=5),GO:0008150(L=0),GO:0009719(L=2),GO:0009987(L=1),GO:0010033(L=3),GO:0010243(L=3),GO:0014070(L=4),GO:0015711(L=5),GO:0031427(L=4),GO:0034220(L=5),GO:0042221(L=2),GO:0044699(L=1),GO:0044763(L=2),GO:0044765(L=3),GO:0050896(L=1),GO:0051179(L=1),GO:0051234(L=2),GO:0055085(L=4),GO:0071702(L=4),GO:1901698(L=3),GO:1901700(L=3),	GO:0005575(L=0),GO:0016020(L=1),GO:0016021(L=4),GO:0031224(L=3),GO:0044425(L=2),	GO:0003674(L=0),GO:0005215(L=1),GO:0008509(L=5),GO:0008514(L=6),GO:0015075(L=4),GO:0015291(L=4),GO:0015347(L=5),GO:0022804(L=3),GO:0022857(L=2),GO:0022891(L=3),GO:0022892(L=2),	PFAM (OATP, MFS_1, Kazal_2), SMART (TRANS, KAZAL, COIL)
TR251748|c0_g1_i1	797.624882421656	0.621806064750645	0.431792297321232	0.00218368866334125	0.214688502110672	XP_014282033.1 long-chain-fatty-acid--CoA ligase 4 isoform X1 [Halyomorpha halys]	halyomorpha halys	No	FALSE	NA					AMP-binding enzyme	71,1100,3320,4146,4920	GO:0000902(L=5),GO:0000904(L=5),GO:0001676(L=5),GO:0003002(L=5),GO:0003008(L=2),GO:0006082(L=3),GO:0006629(L=3),GO:0006631(L=4),GO:0006928(L=3),GO:0006935(L=3),GO:0007154(L=2),GO:0007267(L=3),GO:0007268(L=7),GO:0007275(L=3),GO:0007389(L=4),GO:0007399(L=5),GO:0007409(L=7),GO:0007411(L=7),GO:0008150(L=0),GO:0008152(L=1),GO:0009605(L=2),GO:0009653(L=3),GO:0009987(L=1),GO:0010883(L=4),GO:0010884(L=4),GO:0010889(L=5),GO:0010890(L=6),GO:0016043(L=2),GO:0019226(L=4),GO:0019752(L=5),GO:0022008(L=5),GO:0023052(L=1),GO:0030030(L=3),GO:0030154(L=4),GO:0030182(L=7),GO:0031175(L=5),GO:0032501(L=1),GO:0032502(L=1),GO:0032787(L=6),GO:0032879(L=3),GO:0032989(L=4),GO:0032990(L=5),GO:0035282(L=6),GO:0035637(L=3),GO:0040011(L=1),GO:0042221(L=2),GO:0042330(L=3),GO:0043436(L=4),GO:0044237(L=2),GO:0044238(L=2),GO:0044255(L=3),GO:0044281(L=3),GO:0044699(L=1),GO:0044700(L=2),GO:0044707(L=2),GO:0044710(L=2),GO:0044763(L=2),GO:0044767(L=2),GO:0048468(L=5),GO:0048518(L=3),GO:0048666(L=6),GO:0048667(L=6),GO:0048699(L=7),GO:0048731(L=4),GO:0048812(L=6),GO:0048856(L=2),GO:0048858(L=5),GO:0048869(L=3),GO:0050789(L=2),GO:0050877(L=3),GO:0050896(L=1),GO:0055114(L=3),GO:0061564(L=8),GO:0065007(L=1),GO:0071704(L=2),GO:0071840(L=1),GO:0097485(L=4),	GO:0005575(L=0),GO:0005622(L=3),GO:0005623(L=1),GO:0005737(L=4),GO:0005783(L=4),GO:0005811(L=5),GO:0043226(L=1),GO:0043227(L=2),GO:0043229(L=3),GO:0043231(L=4),GO:0044424(L=3),GO:0044444(L=4),GO:0044464(L=2),	GO:0003674(L=0),GO:0003824(L=1),GO:0004467(L=5),GO:0015645(L=4),GO:0016491(L=2),GO:0016614(L=3),GO:0016616(L=4),GO:0016874(L=2),GO:0016877(L=3),	PFAM (AMP-binding), SMART (TRANS)
TR253276|c0_g1_i1	101.190442158633	-0.524421828185522	0.347829027361361	0.00196750303125536	0.214688502110672	tr|A0A2R7W3K1|A0A2R7W3K1_ONCFA Proline dehydrogenase OS=Oncopeltus fasciatus OX=7536 GN=OFAS_OFAS004785 PE=3 SV=1	oncopeltus fasciatus	No	FALSE	NA					Proline dehydrogenase	330,1100,1110	GO:0006082(L=3),GO:0006520(L=3),GO:0006536(L=7),GO:0006537(L=7),GO:0006560(L=4),GO:0006562(L=5),GO:0006807(L=2),GO:0007610(L=1),GO:0007626(L=2),GO:0008150(L=0),GO:0008152(L=1),GO:0008652(L=4),GO:0009056(L=2),GO:0009058(L=2),GO:0009063(L=4),GO:0009064(L=5),GO:0009065(L=6),GO:0009084(L=6),GO:0009314(L=3),GO:0009416(L=4),GO:0009453(L=4),GO:0009605(L=2),GO:0009628(L=2),GO:0009987(L=1),GO:0016053(L=4),GO:0016054(L=4),GO:0019752(L=5),GO:0040011(L=1),GO:0042330(L=3),GO:0042331(L=5),GO:0043436(L=4),GO:0043648(L=6),GO:0043650(L=6),GO:0044237(L=2),GO:0044238(L=2),GO:0044248(L=3),GO:0044249(L=3),GO:0044281(L=3),GO:0044282(L=4),GO:0044283(L=4),GO:0044708(L=2),GO:0044710(L=2),GO:0044711(L=3),GO:0044712(L=3),GO:0046394(L=5),GO:0046395(L=5),GO:0046483(L=3),GO:0046700(L=4),GO:0050896(L=1),GO:0055114(L=3),GO:0071704(L=2),GO:1901360(L=3),GO:1901361(L=4),GO:1901564(L=3),GO:1901565(L=4),GO:1901566(L=4),GO:1901575(L=3),GO:1901576(L=3),GO:1901605(L=4),GO:1901606(L=5),GO:1901607(L=5),	GO:0005575(L=0),GO:0005622(L=3),GO:0005623(L=1),GO:0005737(L=4),GO:0005739(L=5),GO:0005759(L=6),GO:0031974(L=1),GO:0043226(L=1),GO:0043227(L=2),GO:0043229(L=3),GO:0043231(L=4),GO:0043233(L=2),GO:0044422(L=2),GO:0044424(L=3),GO:0044429(L=5),GO:0044444(L=4),GO:0044446(L=3),GO:0044464(L=2),GO:0070013(L=3),	GO:0003674(L=0),GO:0003824(L=1),GO:0004657(L=4),GO:0016491(L=2),GO:0016645(L=3),	PFAM (Pro_dh), SMART (COIL)
TR253900|c0_g1_i1	101.020238801445	-0.578210337056466	0.346851679297459	0.00211391227938152	0.214688502110672	XP_014281060.1 G patch domain-containing protein 1 homolog [Halyomorpha halys]	halyomorpha halys	No	FALSE	NA					G patch domain-containing protein		GO:0000375(L=7),GO:0000377(L=8),GO:0000398(L=7),GO:0006139(L=3),GO:0006396(L=5),GO:0006397(L=7),GO:0006725(L=3),GO:0006807(L=2),GO:0008150(L=0),GO:0008152(L=1),GO:0008380(L=7),GO:0009987(L=1),GO:0010467(L=4),GO:0016070(L=4),GO:0016071(L=5),GO:0034641(L=3),GO:0043170(L=3),GO:0044237(L=2),GO:0044238(L=2),GO:0044260(L=3),GO:0046483(L=3),GO:0071704(L=2),GO:0090304(L=4),GO:1901360(L=3),	GO:0005575(L=0),GO:0005622(L=3),GO:0005623(L=1),GO:0005634(L=5),GO:0005681(L=6),GO:0030529(L=4),GO:0032991(L=1),GO:0043226(L=1),GO:0043227(L=2),GO:0043229(L=3),GO:0043231(L=4),GO:0044422(L=2),GO:0044424(L=3),GO:0044428(L=5),GO:0044446(L=3),GO:0044464(L=2),GO:0071011(L=7),GO:0071013(L=7),	GO:0003674(L=0),GO:0003676(L=3),GO:0005488(L=1),GO:0097159(L=2),GO:1901363(L=2),	PFAM (DUF1604, G-patch), SMART (G_patch, COIL)
TR216400|c1_g1_i5	11.1148661637387	-0.0208468774357189	0.0667220548401474	0.00049436779492539	0.231493022540432	XP_014287129.1 ras-related protein Rab-21 isoform X2 [Halyomorpha halys]	halyomorpha halys	No	FALSE	NA					Gtr1/RagA G protein conserved region		GO:0006139(L=3),GO:0006152(L=7),GO:0006163(L=5),GO:0006184(L=-1),GO:0006195(L=7),GO:0006725(L=3),GO:0006753(L=4),GO:0006793(L=3),GO:0006796(L=4),GO:0006807(L=2),GO:0006810(L=3),GO:0007154(L=2),GO:0007165(L=3),GO:0007264(L=5),GO:0007275(L=3),GO:0007399(L=5),GO:0007422(L=5),GO:0008104(L=3),GO:0008150(L=0),GO:0008152(L=1),GO:0009056(L=2),GO:0009116(L=4),GO:0009117(L=5),GO:0009119(L=5),GO:0009141(L=5),GO:0009143(L=5),GO:0009144(L=7),GO:0009146(L=7),GO:0009150(L=6),GO:0009154(L=7),GO:0009164(L=5),GO:0009166(L=5),GO:0009199(L=7),GO:0009203(L=7),GO:0009205(L=7),GO:0009207(L=8),GO:0009259(L=5),GO:0009261(L=5),GO:0009987(L=1),GO:0015031(L=4),GO:0019439(L=4),GO:0019637(L=3),GO:0019693(L=4),GO:0023052(L=1),GO:0032501(L=1),GO:0032502(L=1),GO:0033036(L=2),GO:0034641(L=3),GO:0034655(L=4),GO:0035556(L=4),GO:0042278(L=5),GO:0042454(L=7),GO:0044237(L=2),GO:0044238(L=2),GO:0044248(L=3),GO:0044270(L=4),GO:0044281(L=3),GO:0044699(L=1),GO:0044700(L=2),GO:0044707(L=2),GO:0044710(L=2),GO:0044763(L=2),GO:0045184(L=4),GO:0046039(L=7),GO:0046128(L=7),GO:0046130(L=7),GO:0046434(L=4),GO:0046483(L=3),GO:0046700(L=4),GO:0048731(L=4),GO:0048856(L=2),GO:0050789(L=2),GO:0050794(L=3),GO:0050896(L=1),GO:0051179(L=1),GO:0051234(L=2),GO:0051716(L=2),GO:0055086(L=3),GO:0065007(L=1),GO:0071702(L=4),GO:0071704(L=2),GO:0072521(L=4),GO:0072523(L=5),GO:1901068(L=7),GO:1901069(L=8),GO:1901135(L=3),GO:1901136(L=4),GO:1901292(L=4),GO:1901360(L=3),GO:1901361(L=4),GO:1901564(L=3),GO:1901565(L=4),GO:1901575(L=3),GO:1901657(L=3),GO:1901658(L=4),	GO:0005575(L=0),GO:0005623(L=1),GO:0005886(L=3),GO:0016020(L=1),GO:0031982(L=3),GO:0043226(L=1),GO:0044464(L=2),GO:0045202(L=1),GO:0071944(L=3),	GO:0000166(L=3),GO:0001882(L=3),GO:0001883(L=4),GO:0003674(L=0),GO:0003824(L=1),GO:0003924(L=7),GO:0005488(L=1),GO:0005525(L=7),GO:0016462(L=5),GO:0016787(L=2),GO:0016817(L=3),GO:0016818(L=4),GO:0017076(L=4),GO:0017111(L=6),GO:0019001(L=5),GO:0032549(L=4),GO:0032550(L=5),GO:0032553(L=3),GO:0032555(L=4),GO:0032561(L=6),GO:0035639(L=4),GO:0036094(L=2),GO:0043167(L=2),GO:0043168(L=3),GO:0097159(L=2),GO:1901265(L=3),GO:1901363(L=2),	PFAM (Ras, Miro, Arf, Gtr1_RagA, GTP_EFTU), SMART (RAB, small_GTPase)
TR184101|c0_g1_i1	263.733137609085	1.05165251760602	0.61971535351126	0.00282446725309375	0.233807930478107	tr|R4WIF1|R4WIF1_RIPPE Uncharacterized protein OS=Riptortus pedestris OX=329032 PE=2 SV=1	riptortus pedestris	No	FALSE	NA										
TR200796|c0_g1_i7	12.043591936528	1.94490632386154	1.19278820905524	0.000593581605088036	0.233807930478107	tr|A0A2R7WCJ6|A0A2R7WCJ6_ONCFA Uncharacterized protein (Fragment) OS=Oncopeltus fasciatus OX=7536 GN=OFAS_OFAS010261 PE=4 SV=1	oncopeltus fasciatus	No	FALSE	NA										
TR236763|c207_g1_i1	1198.74156967045	-0.00270014481432762	0.061674037123582	0.00132648494507093	0.233807930478107				FALSE	NA										
TR261368|c1_g1_i1	107.138636771121	-0.843254096610876	0.865905968987392	0.00310526563650581	0.233807930478107	XP_014280283.1 uncharacterized protein LOC106683374 [Halyomorpha halys]	halyomorpha halys	No	FALSE	NA										
TR269785|c0_g1_i2	25.0596274564337	-0.0148207667890384	0.0641506634239166	0.000624761568443349	0.233807930478107	XP_014274042.1 peptide transporter family 1-like isoform X1 [Halyomorpha halys]	halyomorpha halys	No	FALSE	NA					oligopeptide transporter	4974	GO:0006810(L=3),GO:0006857(L=6),GO:0008150(L=0),GO:0009987(L=1),GO:0015833(L=5),GO:0035672(L=5),GO:0042886(L=5),GO:0044699(L=1),GO:0044763(L=2),GO:0044765(L=3),GO:0051179(L=1),GO:0051234(L=2),GO:0055085(L=4),GO:0071702(L=4),GO:0071705(L=4),	GO:0005575(L=0),GO:0016020(L=1),GO:0016021(L=4),GO:0031224(L=3),GO:0044425(L=2),	GO:0003674(L=0),GO:0005215(L=1),GO:0005427(L=6),GO:0015197(L=3),GO:0015198(L=4),GO:0015291(L=4),GO:0015322(L=5),GO:0022804(L=3),GO:0022857(L=2),GO:0022891(L=3),GO:0022892(L=2),GO:0035673(L=5),GO:0042887(L=4),	PFAM (PTR2), SMART (TRANS)
TR270838|c11_g9_i1	107.033447466825	0.816081444866093	0.548046918582648	0.00260889636673504	0.233807930478107				FALSE	NA										
TR42968|c0_g2_i1	570.789497445652	0.907501815002078	0.511114097983269	0.00174055463089666	0.233807930478107				FALSE	NA										
TR238204|c3_g2_i2	33.5822445977348	2.08488875274574	0.782645817349644	0.000239031010927362	0.240959830376643				FALSE	NA										
TR265262|c0_g1_i1	14.245056444654	-0.0188104843685545	0.0658391545860106	0.000132589702064096	0.240959830376643				FALSE	NA										
TR228549|c0_g6_i2	7103.16084204013	0.00331653006427893	0.0616980548232773	0.00350608854460377	0.258524799303341	XP_027223631.1 LOW QUALITY PROTEIN: protein TAR1-like [Penaeus vannamei]	penaeus vannamei	No	FALSE	NA					NA					
TR254838|c1_g1_i1	205.441022127228	-0.428815501547557	0.250404115575423	0.0022617289131199	0.258524799303341	XP_024214702.1 prominin-like protein isoform X2 [Halyomorpha halys]	halyomorpha halys	No	FALSE	NA					Prominin	5202	GO:0000902(L=5),GO:0006810(L=3),GO:0007275(L=3),GO:0007399(L=5),GO:0008150(L=0),GO:0009653(L=3),GO:0009987(L=1),GO:0016043(L=2),GO:0022008(L=5),GO:0030030(L=3),GO:0030154(L=4),GO:0030182(L=7),GO:0031175(L=5),GO:0032501(L=1),GO:0032502(L=1),GO:0032989(L=4),GO:0032990(L=5),GO:0044699(L=1),GO:0044707(L=2),GO:0044763(L=2),GO:0044765(L=3),GO:0044767(L=2),GO:0048468(L=5),GO:0048666(L=6),GO:0048699(L=7),GO:0048731(L=4),GO:0048812(L=6),GO:0048856(L=2),GO:0048858(L=5),GO:0048869(L=3),GO:0051179(L=1),GO:0051234(L=2),GO:0055085(L=4),GO:0071840(L=1),	GO:0005575(L=0),GO:0005623(L=1),GO:0005886(L=3),GO:0016020(L=1),GO:0016021(L=4),GO:0031224(L=3),GO:0044425(L=2),GO:0044464(L=2),GO:0071944(L=3),		PFAM (Prominin), SMART (TRANS, COIL, SIGNAL)
TR180625|c0_g1_i1	182.343156058604	-0.011041842331187	0.0629596332112144	0.00305549487830216	0.263784705566371				FALSE	NA										
TR205588|c1_g1_i1	595.553184244246	-0.0415876254131338	0.0831266575761185	0.00308721003406419	0.263784705566371	XP_014278905.1 ribosome biogenesis protein NSA2 homolog [Halyomorpha halys]	halyomorpha halys	No	FALSE	NA				IP259	Ribosomal protein S8e		GO:0006810(L=3),GO:0006897(L=5),GO:0006909(L=4),GO:0007275(L=3),GO:0007399(L=5),GO:0008150(L=0),GO:0009987(L=1),GO:0016192(L=4),GO:0022008(L=5),GO:0030154(L=4),GO:0032501(L=1),GO:0032502(L=1),GO:0044699(L=1),GO:0044707(L=2),GO:0044763(L=2),GO:0044765(L=3),GO:0048731(L=4),GO:0048856(L=2),GO:0048869(L=3),GO:0051179(L=1),GO:0051234(L=2),	GO:0005575(L=0),GO:0005622(L=3),GO:0005623(L=1),GO:0005634(L=5),GO:0043226(L=1),GO:0043227(L=2),GO:0043229(L=3),GO:0043231(L=4),GO:0044424(L=3),GO:0044464(L=2),		PFAM (Ribosomal_S8e), SMART (COIL)
TR232937|c0_g1_i1	91.95915633344	0.687290389285479	0.629751184610819	0.00427324513792849	0.263784705566371				FALSE	NA										
TR236380|c0_g2_i1	807.484726129301	0.689076730905753	0.743691583756513	0.00241879124063028	0.263784705566371	XP_019765610.1 PREDICTED: uncharacterized protein LOC109541250 [Dendroctonus ponderosae]	dendroctonus ponderosae	No	FALSE	NA					Inherit from COG: YD repeat protein					SMART (TRANS)
TR265265|c0_g1_i1	110.235628256699	-0.0137746061786363	0.0637098371590989	0.00380502165228268	0.263784705566371	sp|Q54CX6|3HIDH_DICDI Probable 3-hydroxyisobutyrate dehydrogenase, mitochondrial OS=Dictyostelium discoideum OX=44689 GN=hibA PE=3 SV=1	dictyostelium discoideum	No	FALSE	NA	GO:0006574(L=6),	GO:0005739(L=5),	GO:0008442(L=5),GO:0016616(L=4),GO:0050661(L=4),GO:0051287(L=4),	HIBADH	3hydroxyisobutyrate dehydrogenase	280,1100,30,280,480,1100,1110,1120	GO:0005975(L=3),GO:0005996(L=4),GO:0006006(L=7),GO:0006007(L=7),GO:0006082(L=3),GO:0006098(L=5),GO:0006139(L=3),GO:0006520(L=3),GO:0006573(L=5),GO:0006574(L=6),GO:0006725(L=3),GO:0006732(L=4),GO:0006733(L=5),GO:0006739(L=8),GO:0006740(L=4),GO:0006753(L=4),GO:0006793(L=3),GO:0006796(L=4),GO:0006807(L=2),GO:0008150(L=0),GO:0008152(L=1),GO:0009056(L=2),GO:0009063(L=4),GO:0009081(L=4),GO:0009083(L=5),GO:0009117(L=5),GO:0009987(L=1),GO:0016052(L=4),GO:0016054(L=4),GO:0019318(L=5),GO:0019320(L=7),GO:0019362(L=5),GO:0019637(L=3),GO:0019752(L=5),GO:0034641(L=3),GO:0043436(L=4),GO:0044237(L=2),GO:0044238(L=2),GO:0044248(L=3),GO:0044281(L=3),GO:0044282(L=4),GO:0044710(L=2),GO:0044712(L=3),GO:0044723(L=3),GO:0044724(L=4),GO:0046365(L=5),GO:0046395(L=5),GO:0046483(L=3),GO:0046496(L=7),GO:0051186(L=3),GO:0055086(L=3),GO:0055114(L=3),GO:0071704(L=2),GO:0072524(L=4),GO:1901360(L=3),GO:1901564(L=3),GO:1901565(L=4),GO:1901575(L=3),GO:1901605(L=4),GO:1901606(L=5),	GO:0005575(L=0),GO:0005622(L=3),GO:0005623(L=1),GO:0005737(L=4),GO:0005739(L=5),GO:0005759(L=6),GO:0005811(L=5),GO:0031974(L=1),GO:0043226(L=1),GO:0043227(L=2),GO:0043229(L=3),GO:0043231(L=4),GO:0043233(L=2),GO:0044422(L=2),GO:0044424(L=3),GO:0044429(L=5),GO:0044444(L=4),GO:0044446(L=3),GO:0044464(L=2),GO:0070013(L=3),	GO:0000166(L=3),GO:0003674(L=0),GO:0003824(L=1),GO:0004616(L=5),GO:0005488(L=1),GO:0008442(L=5),GO:0016491(L=2),GO:0016614(L=3),GO:0016616(L=4),GO:0016787(L=2),GO:0036094(L=2),GO:0048037(L=2),GO:0050662(L=3),GO:0051287(L=4),GO:0097159(L=2),GO:1901265(L=3),GO:1901363(L=2),	PFAM (NAD_binding_2, F420_oxidored, 2-Hacid_dh_C, PWWP, Shikimate_DH, 3HCDH_N), SMART (TRANS, AT_hook)
TR271297|c0_g1_i1	557.463936411259	0.00697272277639307	0.0621252937534802	0.00413037859348403	0.270975076067123	tr|Q94729|Q94729_RIPCL Cyanoprotein beta subunit OS=Riptortus clavatus OX=41704 PE=2 SV=1	riptortus clavatus	No	FALSE	NA					Larval storage protein (LSP) which may serve as a store of amino acids for synthesis of adult proteins		GO:0000902(L=5),GO:0000904(L=5),GO:0006928(L=3),GO:0006935(L=3),GO:0007154(L=2),GO:0007267(L=3),GO:0007275(L=3),GO:0007399(L=5),GO:0007409(L=7),GO:0007411(L=7),GO:0008037(L=3),GO:0008038(L=5),GO:0008039(L=8),GO:0008045(L=6),GO:0008150(L=0),GO:0008152(L=1),GO:0009605(L=2),GO:0009653(L=3),GO:0009987(L=1),GO:0016043(L=2),GO:0016201(L=6),GO:0022008(L=5),GO:0023052(L=1),GO:0030030(L=3),GO:0030154(L=4),GO:0030182(L=7),GO:0031175(L=5),GO:0032501(L=1),GO:0032502(L=1),GO:0032989(L=4),GO:0032990(L=5),GO:0040011(L=1),GO:0042221(L=2),GO:0042330(L=3),GO:0044699(L=1),GO:0044700(L=2),GO:0044707(L=2),GO:0044710(L=2),GO:0044763(L=2),GO:0044767(L=2),GO:0045165(L=5),GO:0045168(L=5),GO:0046331(L=7),GO:0048468(L=5),GO:0048666(L=6),GO:0048667(L=6),GO:0048699(L=7),GO:0048731(L=4),GO:0048812(L=6),GO:0048856(L=2),GO:0048858(L=5),GO:0048869(L=3),GO:0050896(L=1),GO:0050919(L=5),GO:0055114(L=3),GO:0061564(L=8),GO:0071840(L=1),GO:0097485(L=4),	GO:0005575(L=0),GO:0005576(L=1),GO:0005615(L=3),GO:0005616(L=3),GO:0005622(L=3),GO:0005623(L=1),GO:0005737(L=4),GO:0005811(L=5),GO:0032991(L=1),GO:0043234(L=2),GO:0044421(L=2),GO:0044424(L=3),GO:0044444(L=4),GO:0044464(L=2),	GO:0003674(L=0),GO:0003824(L=1),GO:0004497(L=3),GO:0004503(L=5),GO:0016491(L=2),GO:0016705(L=3),GO:0016716(L=4),GO:0045735(L=1),	PFAM (Hemocyanin_M, Hemocyanin_N, Hemocyanin_C), SMART (SIGNAL, TRANS)
TR246102|c1_g1_i1	351.640440944443	-0.343777708473537	0.261949282816387	0.00422698690534323	0.272271045128547	XP_014289434.1 zinc finger CCCH domain-containing protein 15 homolog [Halyomorpha halys]	halyomorpha halys	No	FALSE	NA					Zinc finger CCCH domain-containing protein 15 homolog		GO:0008150(L=0),		GO:0003674(L=0),GO:0003676(L=3),GO:0005488(L=1),GO:0008270(L=6),GO:0043167(L=2),GO:0043169(L=3),GO:0046872(L=4),GO:0046914(L=5),GO:0097159(L=2),GO:1901363(L=2),	PFAM (zf-CCCH), SMART (ZnF_C3H1, COIL)
TR204878|c1_g4_i7	14.1109523290691	1.44775814857731	0.86339846530124	0.000893402949818615	0.276406857366643				FALSE	NA										
TR85943|c0_g1_i1	170.436479698629	1.41461494494518	0.936961792460053	0.00445935974515323	0.276896981013875				FALSE	NA										
TR218312|c0_g1_i1	176.666612791146	0.690233730923259	0.702929654206401	0.00466376938674815	0.284596556521397	XP_024216281.1 protein singed [Halyomorpha halys]	halyomorpha halys	No	FALSE	NA				SN	Fascin domain		GO:0000003(L=1),GO:0000902(L=5),GO:0002165(L=4),GO:0002376(L=1),GO:0002520(L=5),GO:0003002(L=5),GO:0006928(L=3),GO:0006950(L=2),GO:0006996(L=3),GO:0007010(L=4),GO:0007015(L=5),GO:0007163(L=3),GO:0007275(L=3),GO:0007276(L=3),GO:0007292(L=5),GO:0007389(L=4),GO:0007399(L=5),GO:0007423(L=6),GO:0007444(L=6),GO:0007455(L=7),GO:0007469(L=5),GO:0007472(L=7),GO:0007476(L=8),GO:0007552(L=4),GO:0007560(L=6),GO:0008150(L=0),GO:0008407(L=5),GO:0008544(L=4),GO:0009611(L=3),GO:0009653(L=3),GO:0009790(L=4),GO:0009791(L=4),GO:0009886(L=4),GO:0009887(L=4),GO:0009888(L=3),GO:0009913(L=6),GO:0009987(L=1),GO:0016043(L=2),GO:0016358(L=8),GO:0016477(L=4),GO:0019953(L=2),GO:0022008(L=5),GO:0022414(L=2),GO:0022416(L=7),GO:0022607(L=3),GO:0030029(L=3),GO:0030030(L=3),GO:0030031(L=4),GO:0030033(L=5),GO:0030034(L=6),GO:0030036(L=4),GO:0030097(L=7),GO:0030154(L=4),GO:0030182(L=7),GO:0030855(L=5),GO:0031175(L=5),GO:0032501(L=1),GO:0032502(L=1),GO:0032504(L=2),GO:0032528(L=4),GO:0032989(L=4),GO:0032990(L=5),GO:0035017(L=5),GO:0035099(L=5),GO:0035107(L=4),GO:0035114(L=5),GO:0035120(L=6),GO:0035162(L=7),GO:0035214(L=7),GO:0035220(L=7),GO:0035315(L=8),GO:0035316(L=7),GO:0035317(L=6),GO:0040011(L=1),GO:0042060(L=4),GO:0042335(L=4),GO:0043588(L=6),GO:0043933(L=3),GO:0044085(L=2),GO:0044699(L=1),GO:0044702(L=3),GO:0044707(L=2),GO:0044763(L=2),GO:0044767(L=2),GO:0046847(L=5),GO:0048468(L=5),GO:0048477(L=4),GO:0048513(L=4),GO:0048534(L=3),GO:0048563(L=4),GO:0048568(L=5),GO:0048569(L=6),GO:0048609(L=3),GO:0048666(L=6),GO:0048699(L=7),GO:0048707(L=5),GO:0048731(L=4),GO:0048736(L=4),GO:0048737(L=5),GO:0048800(L=8),GO:0048812(L=6),GO:0048856(L=2),GO:0048858(L=5),GO:0048869(L=3),GO:0048870(L=3),GO:0050896(L=1),GO:0051017(L=7),GO:0051179(L=1),GO:0051674(L=2),GO:0060429(L=4),GO:0061572(L=6),GO:0071822(L=4),GO:0071840(L=1),	GO:0005575(L=0),GO:0005622(L=3),GO:0005623(L=1),GO:0005737(L=4),GO:0005856(L=5),GO:0015629(L=6),GO:0042995(L=3),GO:0043005(L=4),GO:0043025(L=4),GO:0043226(L=1),GO:0043228(L=2),GO:0043229(L=3),GO:0043232(L=3),GO:0044297(L=3),GO:0044424(L=3),GO:0044464(L=2),GO:0097458(L=3),	GO:0003674(L=0),GO:0003779(L=4),GO:0005488(L=1),GO:0005515(L=2),GO:0008092(L=3),GO:0030674(L=3),GO:0051015(L=4),GO:0060090(L=2),	PFAM (Fascin, FRG1)
TR209624|c0_g1_i1	90.7336888298817	-0.0281615069556905	0.0707735811891569	0.00496827343560019	0.285820062150464				FALSE	NA										
TR236763|c184_g1_i1	260.12006368832	-0.0021295044109686	0.0616410696113217	0.00500208599013648	0.285820062150464				FALSE	NA										
TR280374|c1_g3_i1	115.754093876304	0.0060548520062043	0.0619880363443309	0.00382238274874995	0.285820062150464				FALSE	NA										
TR283204|c0_g2_i2	308.278129674863	-0.461906424691586	0.279905872829737	0.00228263395995598	0.285820062150464	XP_024217301.1 U3 small nucleolar RNA-associated protein 14 homolog A-like [Halyomorpha halys]	halyomorpha halys	No	FALSE	NA					u3 small nucleolar RNA-associated protein 14	3008	GO:0006139(L=3),GO:0006364(L=7),GO:0006396(L=5),GO:0006725(L=3),GO:0006807(L=2),GO:0007275(L=3),GO:0007399(L=5),GO:0007417(L=5),GO:0007420(L=5),GO:0008150(L=0),GO:0008152(L=1),GO:0009987(L=1),GO:0010467(L=4),GO:0016070(L=4),GO:0016072(L=7),GO:0016319(L=4),GO:0022008(L=5),GO:0022613(L=3),GO:0030154(L=4),GO:0032501(L=1),GO:0032502(L=1),GO:0034470(L=7),GO:0034641(L=3),GO:0034660(L=5),GO:0042254(L=4),GO:0043170(L=3),GO:0044085(L=2),GO:0044237(L=2),GO:0044238(L=2),GO:0044260(L=3),GO:0044699(L=1),GO:0044707(L=2),GO:0044763(L=2),GO:0044767(L=2),GO:0046483(L=3),GO:0048513(L=4),GO:0048731(L=4),GO:0048856(L=2),GO:0048869(L=3),GO:0071704(L=2),GO:0071840(L=1),GO:0090304(L=4),GO:1901360(L=3),	GO:0005575(L=0),GO:0005622(L=3),GO:0005623(L=1),GO:0030529(L=4),GO:0030684(L=5),GO:0032040(L=6),GO:0032991(L=1),GO:0044424(L=3),GO:0044464(L=2),		PFAM (Utp14), SMART (COIL)
TR230644|c0_g1_i2	162.791484158519	-0.00749327740962366	0.0622225371318354	0.00522759195642532	0.293684954953637	XP_014286294.1 cathepsin L1-like [Halyomorpha halys]	halyomorpha halys	No	FALSE	NA				CTSL2	cathepsin	4142,4142,4145,4612,5205,5323,5202	GO:0000003(L=1),GO:0001890(L=6),GO:0001893(L=5),GO:0002165(L=4),GO:0002250(L=3),GO:0002376(L=1),GO:0002478(L=4),GO:0002495(L=4),GO:0002504(L=3),GO:0003006(L=2),GO:0006508(L=4),GO:0006915(L=5),GO:0006925(L=6),GO:0006950(L=2),GO:0006952(L=3),GO:0006955(L=2),GO:0007154(L=2),GO:0007165(L=3),GO:0007166(L=4),GO:0007186(L=4),GO:0007275(L=3),GO:0007276(L=3),GO:0007283(L=6),GO:0007399(L=5),GO:0007431(L=5),GO:0007435(L=5),GO:0007548(L=3),GO:0007552(L=4),GO:0007559(L=-1),GO:0007565(L=4),GO:0007568(L=3),GO:0008150(L=0),GO:0008152(L=1),GO:0008219(L=3),GO:0008406(L=4),GO:0008584(L=5),GO:0009056(L=2),GO:0009057(L=4),GO:0009267(L=4),GO:0009605(L=2),GO:0009653(L=3),GO:0009719(L=2),GO:0009725(L=3),GO:0009743(L=4),GO:0009746(L=6),GO:0009749(L=7),GO:0009790(L=4),GO:0009791(L=4),GO:0009792(L=5),GO:0009886(L=4),GO:0009888(L=3),GO:0009987(L=1),GO:0009991(L=3),GO:0010033(L=3),GO:0010259(L=4),GO:0012501(L=4),GO:0014070(L=4),GO:0016265(L=-1),GO:0016271(L=-1),GO:0019538(L=3),GO:0019882(L=2),GO:0019884(L=3),GO:0019886(L=5),GO:0019953(L=2),GO:0021675(L=5),GO:0022414(L=2),GO:0022612(L=4),GO:0023052(L=1),GO:0030154(L=4),GO:0030163(L=4),GO:0030855(L=5),GO:0031667(L=4),GO:0031668(L=3),GO:0031669(L=4),GO:0031960(L=5),GO:0032501(L=1),GO:0032502(L=1),GO:0032504(L=2),GO:0032870(L=4),GO:0033028(L=6),GO:0033554(L=3),GO:0033993(L=4),GO:0034284(L=5),GO:0034698(L=4),GO:0035070(L=5),GO:0035071(L=6),GO:0035272(L=5),GO:0040008(L=3),GO:0040009(L=4),GO:0040010(L=5),GO:0040011(L=1),GO:0042221(L=2),GO:0042594(L=3),GO:0043170(L=3),GO:0044238(L=2),GO:0044699(L=1),GO:0044700(L=2),GO:0044702(L=3),GO:0044703(L=3),GO:0044706(L=2),GO:0044707(L=2),GO:0044763(L=2),GO:0044767(L=2),GO:0045087(L=3),GO:0045137(L=4),GO:0045927(L=4),GO:0046546(L=5),GO:0046661(L=4),GO:0046697(L=5),GO:0048002(L=3),GO:0048102(L=5),GO:0048232(L=5),GO:0048513(L=4),GO:0048518(L=3),GO:0048545(L=4),GO:0048608(L=5),GO:0048609(L=3),GO:0048610(L=-1),GO:0048707(L=5),GO:0048731(L=4),GO:0048732(L=6),GO:0048856(L=2),GO:0048863(L=5),GO:0048869(L=3),GO:0050789(L=2),GO:0050794(L=3),GO:0050896(L=1),GO:0051384(L=6),GO:0051704(L=1),GO:0051716(L=2),GO:0060008(L=5),GO:0060135(L=4),GO:0060429(L=4),GO:0061458(L=5),GO:0065007(L=1),GO:0070265(L=4),GO:0070887(L=3),GO:0071310(L=4),GO:0071495(L=3),GO:0071496(L=3),GO:0071704(L=2),GO:0071887(L=6),GO:0071888(L=7),GO:0097066(L=4),GO:0097067(L=5),GO:0097285(L=-1),GO:1901575(L=3),GO:1901700(L=3),	GO:0000323(L=6),GO:0005575(L=0),GO:0005576(L=1),GO:0005622(L=3),GO:0005623(L=1),GO:0005634(L=5),GO:0005730(L=5),GO:0005737(L=4),GO:0005764(L=7),GO:0005768(L=5),GO:0005773(L=5),GO:0005775(L=5),GO:0005886(L=3),GO:0005902(L=5),GO:0009897(L=3),GO:0009986(L=3),GO:0016020(L=1),GO:0016021(L=4),GO:0031224(L=3),GO:0031904(L=5),GO:0031974(L=1),GO:0031981(L=6),GO:0031982(L=3),GO:0031983(L=4),GO:0036019(L=7),GO:0036021(L=8),GO:0042718(L=5),GO:0042995(L=3),GO:0043005(L=4),GO:0043025(L=4),GO:0043202(L=7),GO:0043204(L=4),GO:0043226(L=1),GO:0043227(L=2),GO:0043228(L=2),GO:0043229(L=3),GO:0043231(L=4),GO:0043232(L=3),GO:0043233(L=2),GO:0044297(L=3),GO:0044422(L=2),GO:0044424(L=3),GO:0044425(L=2),GO:0044428(L=5),GO:0044437(L=5),GO:0044440(L=6),GO:0044444(L=4),GO:0044446(L=3),GO:0044459(L=3),GO:0044464(L=2),GO:0045169(L=5),GO:0060417(L=5),GO:0070013(L=3),GO:0071944(L=3),GO:0097458(L=3),	GO:0003674(L=0),GO:0003824(L=1),GO:0004175(L=5),GO:0004177(L=6),GO:0004197(L=6),GO:0004871(L=1),GO:0004872(L=2),GO:0004888(L=3),GO:0004930(L=4),GO:0005488(L=1),GO:0005515(L=2),GO:0008233(L=3),GO:0008234(L=5),GO:0008238(L=5),GO:0016787(L=2),GO:0033218(L=2),GO:0038023(L=2),GO:0042277(L=3),GO:0042393(L=3),GO:0060089(L=1),GO:0070011(L=4),	PFAM (Peptidase_C1, Inhibitor_I29, Peptidase_C1_2), SMART (Pept_C1, Inhibitor_I29, SIGNAL, TRANS)
TR275781|c3_g4_i1	2263.7891400138	1.33848988872276	0.820064848043797	0.00249919847896741	0.302851942002805				FALSE	NA										
TR274681|c0_g3_i1	101.418285970709	0.0128790759375077	0.0634439300942082	0.00614858161657014	0.30362717033682	XP_014283573.1 uncharacterized protein LOC106685430 [Halyomorpha halys]	halyomorpha halys	No	FALSE	NA										
TR196052|c0_g1_i1	704.484576361789	0.0119593110079159	0.0631705112453187	0.00443273120968276	0.304149261067902	tr|A0A2R7X820|A0A2R7X820_ONCFA Uncharacterized protein OS=Oncopeltus fasciatus OX=7536 GN=OFAS_OFAS018746 PE=4 SV=1	oncopeltus fasciatus	No	FALSE	NA					NA					SMART (SIGNAL)
TR210301|c0_g1_i1	183.167844866999	-0.00954154430704035	0.0625961685169705	0.00268915570288334	0.311279653955464	XP_014292875.1 major facilitator superfamily domain-containing protein 6 [Halyomorpha halys]	halyomorpha halys	No	FALSE	NA					Inherit from KOG: Major facilitator superfamily domain containing		GO:0006810(L=3),GO:0008150(L=0),GO:0009987(L=1),GO:0044699(L=1),GO:0044763(L=2),GO:0044765(L=3),GO:0051179(L=1),GO:0051234(L=2),GO:0055085(L=4),	GO:0005575(L=0),GO:0016020(L=1),GO:0016021(L=4),GO:0031224(L=3),GO:0044425(L=2),		PFAM (MFS_1, LacY_symp), SMART (TRANS, COIL)
TR263337|c2_g9_i1	24.2261389037564	2.76154596301096	1.47807202711067	0.000517262501780399	0.360081930301416				FALSE	NA										
TR211315|c1_g1_i1	30.9062905339015	-0.0243057893639603	0.0685311260427467	0.0018318728173941	0.379115524482759	tr|A0A2R7WE68|A0A2R7WE68_ONCFA BHLH domain-containing protein OS=Oncopeltus fasciatus OX=7536 GN=OFAS_OFAS009817 PE=4 SV=1	oncopeltus fasciatus	No	FALSE	NA					Helix-loop-helix DNA-binding domain	4010,4012,4110,4151,4310,4350,4390,4391,4630,5161,5166,5169,5200,5202,5205,5210,5213,5216,5219,5220,5221,5222	GO:0006355(L=7),GO:0008150(L=0),GO:0009889(L=4),GO:0010468(L=5),GO:0010556(L=5),GO:0019219(L=5),GO:0019222(L=3),GO:0031323(L=4),GO:0031326(L=5),GO:0050789(L=2),GO:0050794(L=3),GO:0051171(L=4),GO:0051252(L=5),GO:0060255(L=4),GO:0065007(L=1),GO:0080090(L=4),GO:2000112(L=6),GO:2001141(L=6),	GO:0005575(L=0),GO:0005622(L=3),GO:0005623(L=1),GO:0005634(L=5),GO:0043226(L=1),GO:0043227(L=2),GO:0043229(L=3),GO:0043231(L=4),GO:0044424(L=3),GO:0044464(L=2),	GO:0001071(L=1),GO:0003674(L=0),GO:0003700(L=2),	PFAM (HLH), SMART (HLH, COIL)
TR237568|c0_g4_i2	27.1940447609978	-0.0110162878216974	0.0630053134592803	0.000515224462830319	0.379115524482759	tr|A0A1L1VFS4|A0A1L1VFS4_NILLU Cytochrome P450 CYP6AX1 (Fragment) OS=Nilaparvata lugens OX=108931 GN=CYP6AX1 PE=2 SV=1	nilaparvata lugens	No	FALSE	NA				CYP6A9	cytochrome P450	590,1100	GO:0000003(L=1),GO:0002118(L=3),GO:0006082(L=3),GO:0006629(L=3),GO:0006631(L=4),GO:0006805(L=5),GO:0006950(L=2),GO:0006952(L=3),GO:0007610(L=1),GO:0008150(L=0),GO:0008152(L=1),GO:0009266(L=3),GO:0009404(L=3),GO:0009410(L=3),GO:0009607(L=2),GO:0009617(L=5),GO:0009628(L=2),GO:0009636(L=3),GO:0009719(L=2),GO:0009987(L=1),GO:0010033(L=3),GO:0010243(L=3),GO:0014070(L=4),GO:0014074(L=4),GO:0017085(L=4),GO:0017143(L=5),GO:0019098(L=2),GO:0019748(L=3),GO:0019752(L=5),GO:0022414(L=2),GO:0031000(L=5),GO:0032787(L=6),GO:0040040(L=3),GO:0042221(L=2),GO:0042742(L=5),GO:0043279(L=4),GO:0043436(L=4),GO:0044237(L=2),GO:0044238(L=2),GO:0044255(L=3),GO:0044281(L=3),GO:0044699(L=1),GO:0044702(L=3),GO:0044704(L=3),GO:0044708(L=2),GO:0044710(L=2),GO:0044763(L=2),GO:0048252(L=7),GO:0050829(L=6),GO:0050896(L=1),GO:0051704(L=1),GO:0051705(L=2),GO:0051707(L=4),GO:0051716(L=2),GO:0051791(L=5),GO:0055114(L=3),GO:0070887(L=3),GO:0071466(L=4),GO:0071704(L=2),GO:1901698(L=3),	GO:0005575(L=0),GO:0005622(L=3),GO:0005623(L=1),GO:0016020(L=1),GO:0043226(L=1),GO:0043227(L=2),GO:0043229(L=3),GO:0043231(L=4),GO:0044424(L=3),GO:0044464(L=2),	GO:0003674(L=0),GO:0003824(L=1),GO:0004497(L=3),GO:0005488(L=1),GO:0005506(L=6),GO:0009055(L=1),GO:0016491(L=2),GO:0016705(L=3),GO:0016712(L=4),GO:0016713(L=4),GO:0018685(L=5),GO:0020037(L=4),GO:0043167(L=2),GO:0043169(L=3),GO:0046872(L=4),GO:0046906(L=3),GO:0046914(L=5),GO:0070330(L=5),GO:0097159(L=2),GO:1901363(L=2),	PFAM (p450), SMART (TRANS, SIGNAL)
TR220322|c0_g4_i1	27.8748558501421	-0.00240803275563326	0.0616606844458055	0.000528203346408722	0.379227223864661				FALSE	NA										
TR205320|c5_g5_i1	12.8207250435476	2.04882436852437	0.87003611268282	0.000323792956105008	0.389088025044674				FALSE	NA										
TR217316|c0_g1_i5	9.59890030415723	-0.00262874794957039	0.0616657518884632	0.00162268697025939	0.389088025044674				FALSE	NA										
TR220156|c18_g5_i1	29.6783997381721	0.0101679810019696	0.0627523579304324	0.000564836661289196	0.389088025044674				FALSE	NA										
TR206474|c0_g1_i1	85.9386789587943	-0.0319647532618926	0.0734247297613008	0.00653652670503975	0.38948680679146	XP_014284631.1 equilibrative nucleoside transporter 1 isoform X1 [Halyomorpha halys]	halyomorpha halys	No	FALSE	NA				ENT2	equilibrative nucleoside transporter		GO:0003008(L=2),GO:0006810(L=3),GO:0007154(L=2),GO:0007267(L=3),GO:0007268(L=7),GO:0007610(L=1),GO:0007611(L=3),GO:0007612(L=4),GO:0008150(L=0),GO:0008306(L=7),GO:0009987(L=1),GO:0010959(L=7),GO:0015858(L=6),GO:0015931(L=5),GO:0019226(L=4),GO:0023052(L=1),GO:0032501(L=1),GO:0032879(L=3),GO:0034762(L=5),GO:0034763(L=6),GO:0034765(L=6),GO:0034766(L=7),GO:0035637(L=3),GO:0043269(L=5),GO:0043271(L=6),GO:0044699(L=1),GO:0044700(L=2),GO:0044707(L=2),GO:0044708(L=2),GO:0044763(L=2),GO:0044765(L=3),GO:0048519(L=3),GO:0048523(L=4),GO:0050789(L=2),GO:0050794(L=3),GO:0050877(L=3),GO:0050890(L=4),GO:0050896(L=1),GO:0051049(L=4),GO:0051051(L=4),GO:0051179(L=1),GO:0051234(L=2),GO:0051924(L=9),GO:0051926(L=9),GO:0055085(L=4),GO:0065007(L=1),GO:0071702(L=4),GO:0071705(L=4),GO:0090279(L=10),GO:0090281(L=10),GO:1901264(L=4),	GO:0005575(L=0),GO:0005623(L=1),GO:0005886(L=3),GO:0016020(L=1),GO:0016021(L=4),GO:0031224(L=3),GO:0044425(L=2),GO:0044464(L=2),GO:0071944(L=3),	GO:0003674(L=0),GO:0005215(L=1),GO:0005337(L=3),GO:0015932(L=4),GO:0022857(L=2),GO:0022891(L=3),GO:0022892(L=2),GO:1901505(L=2),	PFAM (Nucleoside_tran), SMART (TRANS)
TR244856|c1_g1_i1	20.5953686357096	1.30009775727183	1.13800678752	0.000622527808530979	0.38948680679146				FALSE	NA					NA				GO:0003674(L=0),GO:0003676(L=3),GO:0005488(L=1),GO:0097159(L=2),GO:1901363(L=2),	PFAM (Transposase_37, THAP, 87kDa_TransP), SMART (THAP, DM3, COIL)
TR222267|c0_g2_i1	10.0868496304457	-0.00213240558125917	0.0616454718257259	0.000636719900649246	0.391274500841142				FALSE	NA										
TR232320|c0_g1_i1	100.909106598334	-0.0190182509390132	0.0656109949822372	0.00880377263934612	0.391274500841142	tr|R4WJX0|R4WJX0_RIPPE Mitochondrial carrier protein OS=Riptortus pedestris OX=329032 PE=2 SV=1	riptortus pedestris	No	FALSE	NA					transmembrane transporter activity		GO:0006810(L=3),GO:0008150(L=0),GO:0009987(L=1),GO:0044699(L=1),GO:0044763(L=2),GO:0044765(L=3),GO:0051179(L=1),GO:0051234(L=2),GO:0055085(L=4),	GO:0005575(L=0),GO:0005622(L=3),GO:0005623(L=1),GO:0005737(L=4),GO:0005739(L=5),GO:0005740(L=6),GO:0016020(L=1),GO:0016021(L=4),GO:0031224(L=3),GO:0031967(L=3),GO:0031975(L=3),GO:0043226(L=1),GO:0043227(L=2),GO:0043229(L=3),GO:0043231(L=4),GO:0044422(L=2),GO:0044424(L=3),GO:0044425(L=2),GO:0044429(L=5),GO:0044444(L=4),GO:0044446(L=3),GO:0044464(L=2),	GO:0003674(L=0),GO:0005215(L=1),GO:0022857(L=2),	PFAM (Mito_carr), SMART (TRANS)
TR250135|c0_g7_i1	150.183752088571	-0.00813471101179917	0.0623120868248214	0.0088440454512904	0.391274500841142				FALSE	NA										
TR283525|c3_g1_i2	93.1688140010396	-0.0279167947340674	0.0704850652635971	0.00865202408634526	0.391274500841142	XP_014284581.1 zinc finger protein 385B-like isoform X1 [Halyomorpha halys]	halyomorpha halys	No	FALSE	NA					ZnF_C2H2				GO:0003674(L=0),GO:0003676(L=3),GO:0005488(L=1),GO:0008270(L=6),GO:0043167(L=2),GO:0043169(L=3),GO:0046872(L=4),GO:0046914(L=5),GO:0097159(L=2),GO:1901363(L=2),	PFAM (zf-C2H2_jaz), SMART (ZnF_C2H2, ZnF_U1)
TR267273|c1_g1_i1	158.01183699727	0.0109912362163304	0.062910548912931	0.00597326935688882	0.400049814217577	XP_014289377.1 myrosinase 1-like [Halyomorpha halys]	halyomorpha halys	No	FALSE	NA					glycoside hydrolases	52,1100,4973	GO:0005975(L=3),GO:0008150(L=0),GO:0008152(L=1),GO:0044238(L=2),GO:0071704(L=2),		GO:0003674(L=0),GO:0003824(L=1),GO:0004553(L=4),GO:0004620(L=5),GO:0008422(L=6),GO:0008970(L=5),GO:0015926(L=5),GO:0016298(L=4),GO:0016787(L=2),GO:0016788(L=3),GO:0016798(L=3),GO:0052689(L=4),GO:0052739(L=5),GO:0052740(L=5),	PFAM (Glyco_hydro_1), SMART (SIGNAL, TRANS)
TR52197|c0_g1_i1	138.959760606301	-0.0102169404268412	0.0627652484422133	0.00607730038519446	0.40205349648884				FALSE	NA										
TR254113|c1_g1_i2	111.752483986685	-0.0316895349403047	0.0730019162552531	0.00966356107875921	0.402382271061415	XP_024216215.1 gametogenetin-binding protein 2-like [Halyomorpha halys]	halyomorpha halys	No	FALSE	NA					Inherit from biNOG: gametogenetin binding protein 2		GO:0008150(L=0),	GO:0005575(L=0),	GO:0003674(L=0),	PFAM (SDA1), SMART (COIL, SIGNAL)
TR284809|c0_g1_i1	584.187245249211	0.0304424228533645	0.0721336208984615	0.00952762441179219	0.402382271061415	tr|R4WCP5|R4WCP5_RIPPE Uncharacterized protein OS=Riptortus pedestris OX=329032 PE=2 SV=1	riptortus pedestris	No	FALSE	NA										
TR74647|c0_g6_i1	10.9052699374502	0.0076176520858363	0.0622536096674231	0.00038794584298124	0.402382271061415				FALSE	NA										
TR202154|c1_g1_i1	25.6829200216495	0.764576247264964	0.471263373262628	0.00255474248971361	0.420570444478214				FALSE	NA										
TR227469|c0_g1_i1	85.2363162345982	-0.0265180006082641	0.069605046600293	0.0103561374195266	0.420570444478214	XP_014275476.1 WW domain-binding protein 4 isoform X1 [Halyomorpha halys]	halyomorpha halys	No	FALSE	NA					U1 zinc finger		GO:0000375(L=7),GO:0000377(L=8),GO:0000398(L=7),GO:0006139(L=3),GO:0006396(L=5),GO:0006397(L=7),GO:0006725(L=3),GO:0006807(L=2),GO:0008150(L=0),GO:0008152(L=1),GO:0008380(L=7),GO:0009987(L=1),GO:0010467(L=4),GO:0016070(L=4),GO:0016071(L=5),GO:0034641(L=3),GO:0043170(L=3),GO:0044237(L=2),GO:0044238(L=2),GO:0044260(L=3),GO:0046483(L=3),GO:0071704(L=2),GO:0090304(L=4),GO:1901360(L=3),	GO:0005575(L=0),GO:0005622(L=3),GO:0005623(L=1),GO:0005634(L=5),GO:0005681(L=6),GO:0005686(L=8),GO:0030529(L=4),GO:0030532(L=6),GO:0032991(L=1),GO:0043226(L=1),GO:0043227(L=2),GO:0043229(L=3),GO:0043231(L=4),GO:0044422(L=2),GO:0044424(L=3),GO:0044428(L=5),GO:0044446(L=3),GO:0044464(L=2),GO:0071011(L=7),	GO:0003674(L=0),GO:0003676(L=3),GO:0005488(L=1),GO:0005515(L=2),GO:0008270(L=6),GO:0017058(L=4),GO:0019904(L=3),GO:0043167(L=2),GO:0043169(L=3),GO:0046872(L=4),GO:0046914(L=5),GO:0097159(L=2),GO:1901363(L=2),	PFAM (WW, zf-U1), SMART (COIL, ZnF_U1, WW, SIGNAL, TRANS)
TR66751|c0_g1_i1	135.158728413124	0.0154516116022622	0.0642336994069585	0.0102848890167622	0.420570444478214				FALSE	NA										
TR102250|c0_g1_i1	100.939837194309	0.0402988184039514	0.0803658059049078	0.0135547563386406	0.448311601805678	tr|R4WQW2|R4WQW2_RIPPE Integral membrane protein, Tmp21-I, putative OS=Riptortus pedestris OX=329032 PE=2 SV=1	riptortus pedestris	No	FALSE	NA				BAI	Eca and bai are essential, though not redundant, for dorsoventral patterning of the embryo. Specifically required during early embryogenesis for the activity of maternal tkv, while the zygotic tkv is not affected		GO:0000003(L=1),GO:0003002(L=5),GO:0003006(L=2),GO:0006810(L=3),GO:0007275(L=3),GO:0007276(L=3),GO:0007281(L=4),GO:0007292(L=5),GO:0007308(L=5),GO:0007309(L=4),GO:0007310(L=7),GO:0007311(L=8),GO:0007389(L=4),GO:0008150(L=0),GO:0009798(L=5),GO:0009950(L=6),GO:0009953(L=6),GO:0009987(L=1),GO:0009994(L=5),GO:0016192(L=4),GO:0019953(L=2),GO:0021700(L=3),GO:0022412(L=3),GO:0022414(L=2),GO:0030154(L=4),GO:0032501(L=1),GO:0032502(L=1),GO:0032504(L=2),GO:0043900(L=3),GO:0044699(L=1),GO:0044702(L=3),GO:0044707(L=2),GO:0044763(L=2),GO:0044767(L=2),GO:0046662(L=4),GO:0048042(L=5),GO:0048468(L=5),GO:0048469(L=4),GO:0048477(L=4),GO:0048583(L=3),GO:0048599(L=4),GO:0048609(L=3),GO:0048610(L=-1),GO:0048856(L=2),GO:0048869(L=3),GO:0050789(L=2),GO:0050795(L=3),GO:0051179(L=1),GO:0051234(L=2),GO:0051239(L=3),GO:0065007(L=1),GO:2000241(L=3),	GO:0005575(L=0),GO:0005622(L=3),GO:0005623(L=1),GO:0005737(L=4),GO:0005794(L=4),GO:0005795(L=5),GO:0016020(L=1),GO:0016021(L=4),GO:0031224(L=3),GO:0043226(L=1),GO:0043227(L=2),GO:0043229(L=3),GO:0043231(L=4),GO:0044422(L=2),GO:0044424(L=3),GO:0044425(L=2),GO:0044431(L=5),GO:0044444(L=4),GO:0044446(L=3),GO:0044464(L=2),		PFAM (EMP24_GP25L), SMART (TRANS, EMP24_GP25L, SIGNAL)
TR203456|c19_g3_i5	28.4286836995229	-0.00577472459901808	0.0619618443868801	0.00107317074580577	0.448311601805678				FALSE	NA										
TR204666|c0_g1_i2	113.261842859534	-0.0052801186262923	0.0618765297612563	0.0141364920887588	0.448311601805678	tr|R4WU53|R4WU53_RIPPE Cathepsin B (Fragment) OS=Riptortus pedestris OX=329032 PE=2 SV=1	riptortus pedestris	No	FALSE	NA				CTSB	cathepsin B	4142,4612	GO:0006508(L=4),GO:0008150(L=0),GO:0008152(L=1),GO:0019222(L=3),GO:0019538(L=3),GO:0043170(L=3),GO:0044238(L=2),GO:0050789(L=2),GO:0050790(L=3),GO:0065007(L=1),GO:0065009(L=2),GO:0071704(L=2),		GO:0003674(L=0),GO:0003824(L=1),GO:0004175(L=5),GO:0004197(L=6),GO:0008233(L=3),GO:0008234(L=5),GO:0016787(L=2),GO:0070011(L=4),	PFAM (Peptidase_C1, Propeptide_C1), SMART (Pept_C1, SIGNAL, TRANS)
TR204809|c3_g1_i11	12.7684334569944	-0.00732728939705531	0.0621929796736283	0.00302730976147953	0.448311601805678	XP_024219485.1 inositol hexakisphosphate kinase 1-like isoform X1 [Halyomorpha halys]	halyomorpha halys	No	FALSE	NA					Inositol polyphosphate kinase 		GO:0006464(L=5),GO:0006468(L=6),GO:0006629(L=3),GO:0006644(L=4),GO:0006650(L=5),GO:0006793(L=3),GO:0006796(L=4),GO:0008150(L=0),GO:0008152(L=1),GO:0009987(L=1),GO:0016310(L=5),GO:0019538(L=3),GO:0019637(L=3),GO:0036211(L=4),GO:0043170(L=3),GO:0043412(L=4),GO:0044237(L=2),GO:0044238(L=2),GO:0044255(L=3),GO:0044260(L=3),GO:0044267(L=4),GO:0044710(L=2),GO:0046486(L=4),GO:0046488(L=7),GO:0071704(L=2),	GO:0005575(L=0),GO:0005622(L=3),GO:0005623(L=1),GO:0005737(L=4),GO:0044424(L=3),GO:0044464(L=2),	GO:0000828(L=5),GO:0000832(L=6),GO:0003674(L=0),GO:0003824(L=1),GO:0008440(L=6),GO:0016301(L=4),GO:0016740(L=2),GO:0016772(L=3),GO:0016773(L=4),GO:0016776(L=4),GO:0051766(L=5),GO:0052723(L=6),GO:0052724(L=6),	PFAM (IPK), SMART (COIL)
TR207064|c0_g1_i1	872.307421101808	-0.0199972728237938	0.0659279196853287	0.0148547282193392	0.448311601805678	XP_014288573.1 glutathione S-transferase 1-like [Halyomorpha halys]	halyomorpha halys	No	FALSE	NA				GSTD1	glutathione S-transferase	480,980,982,5204	GO:0006082(L=3),GO:0006518(L=4),GO:0006520(L=3),GO:0006575(L=3),GO:0006749(L=4),GO:0006790(L=3),GO:0006807(L=2),GO:0008150(L=0),GO:0008152(L=1),GO:0009987(L=1),GO:0019752(L=5),GO:0034641(L=3),GO:0043436(L=4),GO:0043603(L=4),GO:0044237(L=2),GO:0044238(L=2),GO:0044281(L=3),GO:0044710(L=2),GO:0071704(L=2),GO:1901564(L=3),	GO:0005575(L=0),GO:0005576(L=1),GO:0005622(L=3),GO:0005623(L=1),GO:0005737(L=4),GO:0044424(L=3),GO:0044464(L=2),	GO:0003674(L=0),GO:0003824(L=1),GO:0004364(L=4),GO:0016740(L=2),GO:0016765(L=3),GO:0016829(L=2),GO:0016848(L=3),GO:0018833(L=4),	PFAM (GST_C, GST_N)
TR207924|c0_g1_i1	224.430984549884	0.00915829654062775	0.0623865374237679	0.0144277325503154	0.448311601805678	tr|R4WKV1|R4WKV1_RIPPE Uncharacterized protein (Fragment) OS=Riptortus pedestris OX=329032 PE=2 SV=1	riptortus pedestris	No	FALSE	NA										
TR208039|c1_g4_i1	116.848744031622	0.0274992824235771	0.0699790421058568	0.0162963762278615	0.448311601805678				FALSE	NA										
TR208048|c0_g3_i8	3.76448094196313	-0.0120346205712282	0.0632747109847154	0.00108036625243884	0.448311601805678				FALSE	NA										
TR208785|c0_g1_i1	48.3736748472661	1.04917208613167	0.702800624064857	0.000998020709191114	0.448311601805678	tr|A0A5A4U5P8|A0A5A4U5P8_PLAST Multicopper oxidase 7 OS=Plautia stali OX=106108 PE=2 SV=1	plautia stali	No	FALSE	NA					Multicopper oxidase		GO:0000041(L=7),GO:0006810(L=3),GO:0006811(L=4),GO:0006812(L=5),GO:0006826(L=8),GO:0008150(L=0),GO:0008152(L=1),GO:0009987(L=1),GO:0030001(L=6),GO:0034220(L=5),GO:0034755(L=8),GO:0042592(L=3),GO:0044699(L=1),GO:0044710(L=2),GO:0044763(L=2),GO:0044765(L=3),GO:0048878(L=4),GO:0050801(L=5),GO:0051179(L=1),GO:0051234(L=2),GO:0055065(L=7),GO:0055072(L=9),GO:0055076(L=8),GO:0055080(L=6),GO:0055085(L=4),GO:0055114(L=3),GO:0065007(L=1),GO:0065008(L=2),	GO:0005575(L=0),GO:0005623(L=1),GO:0005886(L=3),GO:0009897(L=3),GO:0009986(L=3),GO:0016020(L=1),GO:0031224(L=3),GO:0031226(L=3),GO:0031233(L=4),GO:0044425(L=2),GO:0044459(L=3),GO:0044464(L=2),GO:0045178(L=3),GO:0071944(L=3),	GO:0003674(L=0),GO:0003824(L=1),GO:0004322(L=5),GO:0005215(L=1),GO:0005381(L=9),GO:0005488(L=1),GO:0005507(L=6),GO:0008324(L=5),GO:0008447(L=5),GO:0015075(L=4),GO:0016491(L=2),GO:0016679(L=3),GO:0016682(L=4),GO:0016722(L=3),GO:0016724(L=4),GO:0022857(L=2),GO:0022890(L=6),GO:0022891(L=3),GO:0022892(L=2),GO:0043167(L=2),GO:0043169(L=3),GO:0046872(L=4),GO:0046873(L=7),GO:0046914(L=5),GO:0046915(L=8),	PFAM (Cu-oxidase, Cu-oxidase_3, Cu-oxidase_2), SMART (VWC, SIGNAL, TRANS, VWC_def)
TR209866|c0_g2_i2	9.26530312400348	0.0067637330412779	0.0621038923633127	0.00072109626850202	0.448311601805678				FALSE	NA										
TR212261|c0_g1_i1	194.812781308025	0.083535539604328	0.173620852930003	0.00843099382141495	0.448311601805678	XP_014294367.1 AFG3-like protein 2 [Halyomorpha halys]	halyomorpha halys	No	FALSE	NA					Peptidase family M41		GO:0006139(L=3),GO:0006152(L=7),GO:0006163(L=5),GO:0006195(L=7),GO:0006200(L=-1),GO:0006508(L=4),GO:0006725(L=3),GO:0006753(L=4),GO:0006793(L=3),GO:0006796(L=4),GO:0006807(L=2),GO:0007154(L=2),GO:0007267(L=3),GO:0008150(L=0),GO:0008152(L=1),GO:0009056(L=2),GO:0009057(L=4),GO:0009116(L=4),GO:0009117(L=5),GO:0009119(L=5),GO:0009123(L=5),GO:0009125(L=5),GO:0009126(L=7),GO:0009128(L=7),GO:0009141(L=5),GO:0009143(L=5),GO:0009144(L=7),GO:0009146(L=7),GO:0009150(L=6),GO:0009154(L=7),GO:0009158(L=7),GO:0009161(L=7),GO:0009164(L=5),GO:0009166(L=5),GO:0009167(L=7),GO:0009169(L=8),GO:0009199(L=7),GO:0009203(L=7),GO:0009205(L=7),GO:0009207(L=8),GO:0009259(L=5),GO:0009261(L=5),GO:0009987(L=1),GO:0019439(L=4),GO:0019538(L=3),GO:0019637(L=3),GO:0019693(L=4),GO:0023052(L=1),GO:0030154(L=4),GO:0030163(L=4),GO:0032502(L=1),GO:0034641(L=3),GO:0034655(L=4),GO:0042278(L=5),GO:0042454(L=7),GO:0043170(L=3),GO:0044237(L=2),GO:0044238(L=2),GO:0044248(L=3),GO:0044270(L=4),GO:0044281(L=3),GO:0044699(L=1),GO:0044700(L=2),GO:0044710(L=2),GO:0044763(L=2),GO:0045165(L=5),GO:0045168(L=5),GO:0046034(L=7),GO:0046128(L=7),GO:0046130(L=7),GO:0046331(L=7),GO:0046434(L=4),GO:0046483(L=3),GO:0046700(L=4),GO:0048869(L=3),GO:0055086(L=3),GO:0071704(L=2),GO:0072521(L=4),GO:0072523(L=5),GO:1901135(L=3),GO:1901136(L=4),GO:1901292(L=4),GO:1901360(L=3),GO:1901361(L=4),GO:1901564(L=3),GO:1901565(L=4),GO:1901575(L=3),GO:1901657(L=3),GO:1901658(L=4),	GO:0005575(L=0),GO:0005622(L=3),GO:0005623(L=1),GO:0005737(L=4),GO:0005739(L=5),GO:0005783(L=4),GO:0016020(L=1),GO:0016021(L=4),GO:0031224(L=3),GO:0043226(L=1),GO:0043227(L=2),GO:0043229(L=3),GO:0043231(L=4),GO:0044424(L=3),GO:0044425(L=2),GO:0044444(L=4),GO:0044464(L=2),	GO:0000166(L=3),GO:0001882(L=3),GO:0001883(L=4),GO:0003674(L=0),GO:0003824(L=1),GO:0004175(L=5),GO:0004222(L=6),GO:0005488(L=1),GO:0005524(L=7),GO:0008233(L=3),GO:0008237(L=5),GO:0008270(L=6),GO:0008568(L=9),GO:0016462(L=5),GO:0016787(L=2),GO:0016817(L=3),GO:0016818(L=4),GO:0016887(L=7),GO:0017076(L=4),GO:0017111(L=6),GO:0030554(L=5),GO:0032549(L=4),GO:0032550(L=5),GO:0032553(L=3),GO:0032555(L=4),GO:0032559(L=6),GO:0035639(L=4),GO:0036094(L=2),GO:0042623(L=8),GO:0043167(L=2),GO:0043168(L=3),GO:0043169(L=3),GO:0046872(L=4),GO:0046914(L=5),GO:0070011(L=4),GO:0097159(L=2),GO:1901265(L=3),GO:1901363(L=2),	PFAM (AAA, Peptidase_M41, FtsH_ext, AAA_5, FHA), SMART (TRANS, AAA, COIL, FHA)
TR218636|c0_g2_i1	456.787199935369	-0.0187807585567528	0.0654376721454599	0.0130435727555951	0.448311601805678	XP_014286525.1 farnesol dehydrogenase-like [Halyomorpha halys]	halyomorpha halys	No	FALSE	NA					dehydrogenase reductase SDR family member 11-like		GO:0008150(L=0),GO:0008152(L=1),GO:0044710(L=2),GO:0055114(L=3),		GO:0003674(L=0),GO:0003824(L=1),GO:0004090(L=5),GO:0016491(L=2),GO:0016614(L=3),GO:0016616(L=4),	PFAM (adh_short, KR, Epimerase)
