baseMean	log2FoldChange	lfcSE	pvalue	padj	Description	Species	Contaminant	xenic	UniProt.KEGG.Terms	UniProt.GO.Biological	UniProt.GO.Cellular	UniProt.GO.Molecular	EggNOG.Predicted.Gene	EggNOG.Description	EggNOG.KEGG.Terms	EggNOG.GO.Biological	EggNOG.GO.Cellular	EggNOG.GO.Molecular	EggNOG.Protein.Domains	manual.ann
TR238351|c2_g1_i1	13.7326637710456	-6.1797162303244e-07	0.00144269505241726	1.49381786947419e-10	4.00166390061487e-06	tr|R4WDR6|R4WDR6_RIPPE Lipase OS=Riptortus pedestris OX=329032 PE=2 SV=1	riptortus pedestris	No	FALSE	NA					Lipase		GO:0006629(L=3),GO:0006810(L=3),GO:0006897(L=5),GO:0006909(L=4),GO:0008150(L=0),GO:0008152(L=1),GO:0009056(L=2),GO:0016042(L=4),GO:0016192(L=4),GO:0044238(L=2),GO:0044699(L=1),GO:0044710(L=2),GO:0044765(L=3),GO:0051179(L=1),GO:0051234(L=2),GO:0071704(L=2),GO:1901575(L=3),	GO:0005575(L=0),GO:0005576(L=1),	GO:0003674(L=0),GO:0003824(L=1),GO:0004806(L=5),GO:0016298(L=4),GO:0016787(L=2),GO:0016788(L=3),GO:0050253(L=5),GO:0052689(L=4),	PFAM (Lipase, Lipase_2), SMART (SIGNAL, TRANS)	NA
TR240880|c2_g2_i1	144.715775737789	-1.14886860242306e-06	0.00144269518872144	2.2035289580455e-10	4.00166390061487e-06				FALSE	NA											cathepsin L
TR199650|c3_g9_i1	52.8525012982001	-4.44637871506448e-07	0.00144269503728825	4.11694688025928e-08	0.000472364923915783				FALSE	NA											NA
TR266468|c0_g1_i2	45.2452505868021	-6.72058043709017e-07	0.00144269507664877	1.02682615731254e-07	0.000708499494305171	tr|R4WMK4|R4WMK4_RIPPE Uncharacterized protein OS=Riptortus pedestris OX=329032 PE=2 SV=1	riptortus pedestris	No	FALSE	NA											NA
TR286166|c2_g1_i1	72.7517031726203	-6.98176360977911e-07	0.00144269507766967	6.23790684872905e-08	0.000708499494305171	tr|R4WEB5|R4WEB5_RIPPE Cathepsin L (Fragment) OS=Riptortus pedestris OX=329032 PE=2 SV=1	riptortus pedestris	No	FALSE	NA					cathepsin	4142,4145,4612,5205,5323	GO:0002165(L=4),GO:0006508(L=4),GO:0007275(L=3),GO:0007431(L=5),GO:0007435(L=5),GO:0007552(L=4),GO:0007559(L=-1),GO:0008150(L=0),GO:0008152(L=1),GO:0008219(L=3),GO:0009056(L=2),GO:0009057(L=4),GO:0009653(L=3),GO:0009791(L=4),GO:0009886(L=4),GO:0009888(L=3),GO:0009987(L=1),GO:0012501(L=4),GO:0016265(L=-1),GO:0016271(L=-1),GO:0019538(L=3),GO:0022612(L=4),GO:0030163(L=4),GO:0032501(L=1),GO:0032502(L=1),GO:0035070(L=5),GO:0035071(L=6),GO:0035272(L=5),GO:0043170(L=3),GO:0044238(L=2),GO:0044699(L=1),GO:0044707(L=2),GO:0044763(L=2),GO:0044767(L=2),GO:0048102(L=5),GO:0048513(L=4),GO:0048707(L=5),GO:0048731(L=4),GO:0048732(L=6),GO:0048856(L=2),GO:0071704(L=2),GO:1901575(L=3),	GO:0000323(L=6),GO:0005575(L=0),GO:0005622(L=3),GO:0005623(L=1),GO:0005737(L=4),GO:0005764(L=7),GO:0005773(L=5),GO:0043226(L=1),GO:0043227(L=2),GO:0043229(L=3),GO:0043231(L=4),GO:0044424(L=3),GO:0044444(L=4),GO:0044464(L=2),GO:0045169(L=5),	GO:0003674(L=0),GO:0003824(L=1),GO:0004175(L=5),GO:0004197(L=6),GO:0008233(L=3),GO:0008234(L=5),GO:0016787(L=2),GO:0070011(L=4),	PFAM (Peptidase_C1, Inhibitor_I29, Peptidase_C1_2), SMART (Pept_C1, Inhibitor_I29, SIGNAL, TRANS)	NA
TR53065|c0_g1_i1	9.94173328303263	7.8618274984281	1.5812663781999	8.16751279985306e-08	0.000742889739231968	XP_014272889.1 cuticle protein 16.5-like [Halyomorpha halys]	halyomorpha halys	No	FALSE	NA					Inherit from euNOG: structural constituent of chitin-based cuticle				GO:0003674(L=0),GO:0005198(L=1),GO:0042302(L=2),	PFAM (Chitin_bind_4), SMART (SIGNAL)	cuticle protein
TR278246|c0_g2_i1	36.5797264478274	-5.82304693335257e-07	0.00144269507086215	3.12968434965188e-07	0.00243999133854145				FALSE	NA											cysteine-rich secreted protein
TR268020|c3_g2_i5	9.28967024832249	1.11345151373875e-07	0.00144269503362161	1.10130179459645e-06	0.00473849025937733	XP_014279138.1 ATP-dependent RNA helicase DDX24 [Halyomorpha halys]	halyomorpha halys	No	FALSE	NA					RNA helicase		GO:0006139(L=3),GO:0006152(L=7),GO:0006163(L=5),GO:0006195(L=7),GO:0006200(L=-1),GO:0006725(L=3),GO:0006753(L=4),GO:0006793(L=3),GO:0006796(L=4),GO:0006807(L=2),GO:0008150(L=0),GO:0008152(L=1),GO:0009056(L=2),GO:0009116(L=4),GO:0009117(L=5),GO:0009119(L=5),GO:0009123(L=5),GO:0009125(L=5),GO:0009126(L=7),GO:0009128(L=7),GO:0009141(L=5),GO:0009143(L=5),GO:0009144(L=7),GO:0009146(L=7),GO:0009150(L=6),GO:0009154(L=7),GO:0009158(L=7),GO:0009161(L=7),GO:0009164(L=5),GO:0009166(L=5),GO:0009167(L=7),GO:0009169(L=8),GO:0009199(L=7),GO:0009203(L=7),GO:0009205(L=7),GO:0009207(L=8),GO:0009259(L=5),GO:0009261(L=5),GO:0009987(L=1),GO:0019439(L=4),GO:0019637(L=3),GO:0019693(L=4),GO:0034641(L=3),GO:0034655(L=4),GO:0042278(L=5),GO:0042454(L=7),GO:0044237(L=2),GO:0044238(L=2),GO:0044248(L=3),GO:0044270(L=4),GO:0044281(L=3),GO:0044710(L=2),GO:0046034(L=7),GO:0046128(L=7),GO:0046130(L=7),GO:0046434(L=4),GO:0046483(L=3),GO:0046700(L=4),GO:0055086(L=3),GO:0071704(L=2),GO:0072521(L=4),GO:0072523(L=5),GO:1901135(L=3),GO:1901136(L=4),GO:1901292(L=4),GO:1901360(L=3),GO:1901361(L=4),GO:1901564(L=3),GO:1901565(L=4),GO:1901575(L=3),GO:1901657(L=3),GO:1901658(L=4),		GO:0000166(L=3),GO:0001882(L=3),GO:0001883(L=4),GO:0003674(L=0),GO:0003676(L=3),GO:0003723(L=4),GO:0003724(L=8),GO:0003729(L=6),GO:0003824(L=1),GO:0004004(L=9),GO:0004386(L=7),GO:0005488(L=1),GO:0005524(L=7),GO:0008026(L=9),GO:0008186(L=9),GO:0016462(L=5),GO:0016787(L=2),GO:0016817(L=3),GO:0016818(L=4),GO:0016887(L=7),GO:0017076(L=4),GO:0017111(L=6),GO:0030554(L=5),GO:0032549(L=4),GO:0032550(L=5),GO:0032553(L=3),GO:0032555(L=4),GO:0032559(L=6),GO:0035639(L=4),GO:0036094(L=2),GO:0042623(L=8),GO:0043167(L=2),GO:0043168(L=3),GO:0070035(L=8),GO:0097159(L=2),GO:1901265(L=3),GO:1901363(L=2),	PFAM (Helicase_C, DEAD), SMART (HELICc, DEXDc, COIL)	NA
TR99153|c0_g1_i1	4.13706953635447	7.59785602155399e-07	0.00144269506059374	5.94525610176605e-07	0.00619557233360047				FALSE	NA											NA
TR221483|c3_g2_i1	32.8229997654962	6.49017484104681e-06	0.00144269978756785	1.45754600633037e-06	0.00723128324995215	tr|T1HPR5|T1HPR5_RHOPR MFS domain-containing protein (Fragment) OS=Rhodnius prolixus OX=13249 PE=4 SV=1	rhodnius prolixus	No	FALSE	NA				STL1	Sugar transporter		GO:0006810(L=3),GO:0006811(L=4),GO:0006812(L=5),GO:0006818(L=4),GO:0008150(L=0),GO:0008643(L=4),GO:0009987(L=1),GO:0015672(L=6),GO:0015791(L=6),GO:0015793(L=6),GO:0015850(L=4),GO:0015992(L=7),GO:0034220(L=5),GO:0044699(L=1),GO:0044763(L=2),GO:0044765(L=3),GO:0051179(L=1),GO:0051234(L=2),GO:0055085(L=4),GO:0071702(L=4),	GO:0005575(L=0),GO:0005623(L=1),GO:0005886(L=3),GO:0016020(L=1),GO:0016021(L=4),GO:0031224(L=3),GO:0044425(L=2),GO:0044464(L=2),GO:0071944(L=3),	GO:0003674(L=0),GO:0005215(L=1),GO:0008324(L=5),GO:0015075(L=4),GO:0015291(L=4),GO:0015293(L=5),GO:0015294(L=6),GO:0015295(L=7),GO:0022804(L=3),GO:0022857(L=2),GO:0022891(L=3),GO:0022892(L=2),	PFAM (MFS_1, Sugar_tr), SMART (TRANS)	STL1
TR235342|c14_g19_i1	174.522655864799	7.48622940444169	1.68817017803251	1.38455115653524e-06	0.00723128324995215				FALSE	NA											NA
TR58150|c0_g2_i1	7.1249265068852	-5.61340668180921e-07	0.00144269506761891	9.67649279495405e-07	0.00756293042980431				FALSE	NA											NA
TR258046|c1_g4_i1	112.842491974478	-4.22202984111578e-07	0.00144269503676771	4.43865278099295e-06	0.0117525322909471				FALSE	NA											NA
TR46961|c0_g1_i1	9.39459789980958	2.91359925699972e-06	0.00144269603023719	3.14666162394979e-06	0.0122661365332454	tr|A0A6A4J8T5|A0A6A4J8T5_APOLU Uncharacterized protein OS=Apolygus lucorum OX=248454 GN=GE061_07967 PE=4 SV=1	apolygus lucorum	No	FALSE	NA											NA
TR281023|c0_g1_i1	11.7068022088071	3.16503627737955e-06	0.00144269607532888	3.66637115512276e-06	0.0133392359613113				FALSE	NA											NA
TR268140|c0_g1_i1	9.18563958915202	-1.067663332779e-06	0.00144269521554682	4.68903007931797e-06	0.0159936954717937				FALSE	NA											NA
TR262382|c0_g1_i1	13.7279041754809	-8.0186905116185e-07	0.0014426950469958	8.14341196302516e-06	0.0164884987840953	tr|A0A7U3RXU0|A0A7U3RXU0_9HEMI Cathepsin L1 OS=Dysdercus peruvianus OX=685034 PE=2 SV=1	dysdercus peruvianus	No	FALSE	NA					cathepsin	4142,4145,4612,5205,5323	GO:0002165(L=4),GO:0006508(L=4),GO:0007275(L=3),GO:0007431(L=5),GO:0007435(L=5),GO:0007552(L=4),GO:0007559(L=-1),GO:0008150(L=0),GO:0008152(L=1),GO:0008219(L=3),GO:0009056(L=2),GO:0009057(L=4),GO:0009653(L=3),GO:0009791(L=4),GO:0009886(L=4),GO:0009888(L=3),GO:0009987(L=1),GO:0012501(L=4),GO:0016265(L=-1),GO:0016271(L=-1),GO:0019538(L=3),GO:0022612(L=4),GO:0030163(L=4),GO:0032501(L=1),GO:0032502(L=1),GO:0035070(L=5),GO:0035071(L=6),GO:0035272(L=5),GO:0043170(L=3),GO:0044238(L=2),GO:0044699(L=1),GO:0044707(L=2),GO:0044763(L=2),GO:0044767(L=2),GO:0048102(L=5),GO:0048513(L=4),GO:0048707(L=5),GO:0048731(L=4),GO:0048732(L=6),GO:0048856(L=2),GO:0071704(L=2),GO:1901575(L=3),	GO:0000323(L=6),GO:0005575(L=0),GO:0005622(L=3),GO:0005623(L=1),GO:0005737(L=4),GO:0005764(L=7),GO:0005773(L=5),GO:0043226(L=1),GO:0043227(L=2),GO:0043229(L=3),GO:0043231(L=4),GO:0044424(L=3),GO:0044444(L=4),GO:0044464(L=2),GO:0045169(L=5),	GO:0003674(L=0),GO:0003824(L=1),GO:0004175(L=5),GO:0004197(L=6),GO:0008233(L=3),GO:0008234(L=5),GO:0016787(L=2),GO:0070011(L=4),	PFAM (Peptidase_C1, Inhibitor_I29, Peptidase_C1_2), SMART (Pept_C1, Inhibitor_I29, SIGNAL, TRANS)	cathepsin
TR208593|c0_g1_i1	141.899966622141	7.0384659112331e-06	0.00144270081706607	6.4169613890403e-06	0.0194555139358603	tr|A0A146KYV8|A0A146KYV8_LYGHE Pro-Pol polyprotein (Fragment) OS=Lygus hesperus OX=30085 GN=pol_74 PE=4 SV=1	lygus hesperus	No	FALSE	NA					Inherit from biNOG: Pao retrotransposon peptidase 		GO:0006139(L=3),GO:0006259(L=4),GO:0006725(L=3),GO:0006807(L=2),GO:0008150(L=0),GO:0008152(L=1),GO:0009987(L=1),GO:0015074(L=5),GO:0034641(L=3),GO:0043170(L=3),GO:0044237(L=2),GO:0044238(L=2),GO:0044260(L=3),GO:0046483(L=3),GO:0071704(L=2),GO:0090304(L=4),GO:1901360(L=3),		GO:0003674(L=0),GO:0003676(L=3),GO:0005488(L=1),GO:0097159(L=2),GO:1901363(L=2),	PFAM (Peptidase_A17, rve, DUF1759)	NA
TR240880|c2_g3_i1	11.6590117342749	-8.01355463598782e-07	0.00144269510217846	1.03707114973096e-05	0.0297879583817987	tr|R4WQK9|R4WQK9_RIPPE Cathepsin L OS=Riptortus pedestris OX=329032 PE=2 SV=1	riptortus pedestris	No	FALSE	NA				CTSL2	cathepsin	4142,4142,4145,4612,5205,5323,5202	GO:0000003(L=1),GO:0001890(L=6),GO:0001893(L=5),GO:0002165(L=4),GO:0002250(L=3),GO:0002376(L=1),GO:0002478(L=4),GO:0002495(L=4),GO:0002504(L=3),GO:0003006(L=2),GO:0006508(L=4),GO:0006915(L=5),GO:0006925(L=6),GO:0006950(L=2),GO:0006952(L=3),GO:0006955(L=2),GO:0007154(L=2),GO:0007165(L=3),GO:0007166(L=4),GO:0007186(L=4),GO:0007275(L=3),GO:0007276(L=3),GO:0007283(L=6),GO:0007399(L=5),GO:0007431(L=5),GO:0007435(L=5),GO:0007548(L=3),GO:0007552(L=4),GO:0007559(L=-1),GO:0007565(L=4),GO:0007568(L=3),GO:0008150(L=0),GO:0008152(L=1),GO:0008219(L=3),GO:0008406(L=4),GO:0008584(L=5),GO:0009056(L=2),GO:0009057(L=4),GO:0009267(L=4),GO:0009605(L=2),GO:0009653(L=3),GO:0009719(L=2),GO:0009725(L=3),GO:0009743(L=4),GO:0009746(L=6),GO:0009749(L=7),GO:0009790(L=4),GO:0009791(L=4),GO:0009792(L=5),GO:0009886(L=4),GO:0009888(L=3),GO:0009987(L=1),GO:0009991(L=3),GO:0010033(L=3),GO:0010259(L=4),GO:0012501(L=4),GO:0014070(L=4),GO:0016265(L=-1),GO:0016271(L=-1),GO:0019538(L=3),GO:0019882(L=2),GO:0019884(L=3),GO:0019886(L=5),GO:0019953(L=2),GO:0021675(L=5),GO:0022414(L=2),GO:0022612(L=4),GO:0023052(L=1),GO:0030154(L=4),GO:0030163(L=4),GO:0030855(L=5),GO:0031667(L=4),GO:0031668(L=3),GO:0031669(L=4),GO:0031960(L=5),GO:0032501(L=1),GO:0032502(L=1),GO:0032504(L=2),GO:0032870(L=4),GO:0033028(L=6),GO:0033554(L=3),GO:0033993(L=4),GO:0034284(L=5),GO:0034698(L=4),GO:0035070(L=5),GO:0035071(L=6),GO:0035272(L=5),GO:0040008(L=3),GO:0040009(L=4),GO:0040010(L=5),GO:0040011(L=1),GO:0042221(L=2),GO:0042594(L=3),GO:0043170(L=3),GO:0044238(L=2),GO:0044699(L=1),GO:0044700(L=2),GO:0044702(L=3),GO:0044703(L=3),GO:0044706(L=2),GO:0044707(L=2),GO:0044763(L=2),GO:0044767(L=2),GO:0045087(L=3),GO:0045137(L=4),GO:0045927(L=4),GO:0046546(L=5),GO:0046661(L=4),GO:0046697(L=5),GO:0048002(L=3),GO:0048102(L=5),GO:0048232(L=5),GO:0048513(L=4),GO:0048518(L=3),GO:0048545(L=4),GO:0048608(L=5),GO:0048609(L=3),GO:0048610(L=-1),GO:0048707(L=5),GO:0048731(L=4),GO:0048732(L=6),GO:0048856(L=2),GO:0048863(L=5),GO:0048869(L=3),GO:0050789(L=2),GO:0050794(L=3),GO:0050896(L=1),GO:0051384(L=6),GO:0051704(L=1),GO:0051716(L=2),GO:0060008(L=5),GO:0060135(L=4),GO:0060429(L=4),GO:0061458(L=5),GO:0065007(L=1),GO:0070265(L=4),GO:0070887(L=3),GO:0071310(L=4),GO:0071495(L=3),GO:0071496(L=3),GO:0071704(L=2),GO:0071887(L=6),GO:0071888(L=7),GO:0097066(L=4),GO:0097067(L=5),GO:0097285(L=-1),GO:1901575(L=3),GO:1901700(L=3),	GO:0000323(L=6),GO:0005575(L=0),GO:0005576(L=1),GO:0005622(L=3),GO:0005623(L=1),GO:0005634(L=5),GO:0005730(L=5),GO:0005737(L=4),GO:0005764(L=7),GO:0005768(L=5),GO:0005773(L=5),GO:0005775(L=5),GO:0005886(L=3),GO:0005902(L=5),GO:0009897(L=3),GO:0009986(L=3),GO:0016020(L=1),GO:0016021(L=4),GO:0031224(L=3),GO:0031904(L=5),GO:0031974(L=1),GO:0031981(L=6),GO:0031982(L=3),GO:0031983(L=4),GO:0036019(L=7),GO:0036021(L=8),GO:0042718(L=5),GO:0042995(L=3),GO:0043005(L=4),GO:0043025(L=4),GO:0043202(L=7),GO:0043204(L=4),GO:0043226(L=1),GO:0043227(L=2),GO:0043228(L=2),GO:0043229(L=3),GO:0043231(L=4),GO:0043232(L=3),GO:0043233(L=2),GO:0044297(L=3),GO:0044422(L=2),GO:0044424(L=3),GO:0044425(L=2),GO:0044428(L=5),GO:0044437(L=5),GO:0044440(L=6),GO:0044444(L=4),GO:0044446(L=3),GO:0044459(L=3),GO:0044464(L=2),GO:0045169(L=5),GO:0060417(L=5),GO:0070013(L=3),GO:0071944(L=3),GO:0097458(L=3),	GO:0003674(L=0),GO:0003824(L=1),GO:0004175(L=5),GO:0004177(L=6),GO:0004197(L=6),GO:0004871(L=1),GO:0004872(L=2),GO:0004888(L=3),GO:0004930(L=4),GO:0005488(L=1),GO:0005515(L=2),GO:0008233(L=3),GO:0008234(L=5),GO:0008238(L=5),GO:0016787(L=2),GO:0033218(L=2),GO:0038023(L=2),GO:0042277(L=3),GO:0042393(L=3),GO:0060089(L=1),GO:0070011(L=4),	PFAM (Peptidase_C1, Inhibitor_I29, Peptidase_C1_2), SMART (Pept_C1, Inhibitor_I29, SIGNAL, TRANS)	NA
TR206693|c2_g2_i13	20.3601057986298	2.68778161681536e-06	0.0014426956229992	1.82927492320297e-05	0.0311700747332396	tr|A0A5P1ER89|A0A5P1ER89_ASPOF Reverse transcriptase Ty1/copia-type domain-containing protein OS=Asparagus officinalis OX=4686 GN=A4U43_C05F12950 PE=4 SV=1	asparagus officinalis	No	FALSE	NA					ZnF_C2HC				GO:0003674(L=0),GO:0003676(L=3),GO:0005488(L=1),GO:0008270(L=6),GO:0043167(L=2),GO:0043169(L=3),GO:0046872(L=4),GO:0046914(L=5),GO:0097159(L=2),GO:1901363(L=2),	PFAM (zf-CCHC, RVT_2), SMART (ZnF_C2HC)	NA
TR263064|c0_g1_i1	18.732196243353	-1.14007142703284e-07	0.00144269503620233	1.21489564832787e-05	0.0311700747332396	tr|R4WJK9|R4WJK9_RIPPE Thiol_cytolys_C domain-containing protein OS=Riptortus pedestris OX=329032 PE=2 SV=1	riptortus pedestris	No	FALSE	NA				HLY	Sulfhydryl-activated toxin that causes cytolysis by forming pores in cholesterol containing host membranes. After binding to target membranes, the protein undergoes a major conformation change, leading to its insertion in the host membrane and formation of an oligomeric pore complex. Cholesterol may be required for binding to host membranes, membrane insertion and pore formation. Can be reversibly inactivated by oxidation	4621	GO:0001906(L=1),GO:0007155(L=2),GO:0008150(L=0),GO:0008219(L=3),GO:0009405(L=3),GO:0009987(L=1),GO:0016265(L=-1),GO:0019835(L=2),GO:0022610(L=1),GO:0031640(L=2),GO:0035821(L=2),GO:0044179(L=4),GO:0044364(L=3),GO:0044699(L=1),GO:0044763(L=2),GO:0051704(L=1),GO:0051715(L=3),GO:0065007(L=1),GO:0065008(L=2),	GO:0005575(L=0),GO:0005576(L=1),GO:0016020(L=1),GO:0016021(L=4),GO:0018995(L=2),GO:0020002(L=6),GO:0031224(L=3),GO:0033643(L=4),GO:0033644(L=5),GO:0043245(L=3),GO:0043657(L=3),GO:0044215(L=1),GO:0044216(L=3),GO:0044217(L=2),GO:0044218(L=3),GO:0044279(L=3),GO:0044421(L=2),GO:0044425(L=2),	GO:0003674(L=0),GO:0005488(L=1),GO:0005496(L=3),GO:0008289(L=2),GO:0015485(L=4),GO:0032934(L=4),GO:0036094(L=2),GO:0043178(L=3),GO:0097159(L=2),	PFAM (Thiol_cytolysin), SMART (SIGNAL, TRANS)	NA
TR39119|c0_g1_i1	5.46436073363044	1.43057422115783e-07	0.00144269503340133	7.35682721168678e-06	0.0311700747332396				FALSE	NA											NA
TR103016|c0_g1_i1	9.83514321224661	-1.30801821080261e-06	0.00144269519585764	1.36919598818975e-05	0.0324857362957185				FALSE	NA											NA
TR246647|c1_g1_i2	21.1513113258958	-4.66208740630931e-07	0.00144269502978993	1.42862475005908e-05	0.0324857362957185				FALSE	NA											NA
TR274054|c0_g1_i2	72.3809001433063	4.94486101779122e-06	0.00144269728693527	3.58551907263784e-05	0.0479528852781921	tr|A0A2R7X7G0|A0A2R7X7G0_ONCFA Aa_trans domain-containing protein OS=Oncopeltus fasciatus OX=7536 GN=OFAS_OFAS018520 PE=4 SV=1	oncopeltus fasciatus	No	FALSE	NA					amino acid transporter			GO:0005575(L=0),GO:0016020(L=1),GO:0016021(L=4),GO:0031224(L=3),GO:0044425(L=2),		PFAM (Aa_trans), SMART (TRANS)	NA
TR51621|c0_g1_i1	102.526897495741	-4.81491317956402e-07	0.00144269502527743	3.43270314908062e-05	0.0479528852781921				FALSE	NA											NA
TR278296|c0_g1_i1	6.61742871013909	-7.28746462685871e-07	0.00144269508407683	1.56686941668327e-05	0.0540927434058216	tr|R4WRP2|R4WRP2_RIPPE Lipase OS=Riptortus pedestris OX=329032 PE=2 SV=1	riptortus pedestris	No	FALSE	NA					lipase 3-like	561,1100	GO:0000003(L=1),GO:0000902(L=5),GO:0006629(L=3),GO:0007275(L=3),GO:0007399(L=5),GO:0008150(L=0),GO:0008152(L=1),GO:0009056(L=2),GO:0009653(L=3),GO:0009987(L=1),GO:0016042(L=4),GO:0016043(L=2),GO:0022008(L=5),GO:0030030(L=3),GO:0030154(L=4),GO:0030182(L=7),GO:0031175(L=5),GO:0032501(L=1),GO:0032502(L=1),GO:0032504(L=2),GO:0032989(L=4),GO:0032990(L=5),GO:0044238(L=2),GO:0044699(L=1),GO:0044707(L=2),GO:0044710(L=2),GO:0044763(L=2),GO:0044767(L=2),GO:0048468(L=5),GO:0048666(L=6),GO:0048699(L=7),GO:0048731(L=4),GO:0048812(L=6),GO:0048856(L=2),GO:0048858(L=5),GO:0048869(L=3),GO:0071704(L=2),GO:0071840(L=1),GO:1901575(L=3),	GO:0005575(L=0),GO:0005576(L=1),GO:0005615(L=3),GO:0044421(L=2),	GO:0003674(L=0),GO:0003824(L=1),GO:0004806(L=5),GO:0016298(L=4),GO:0016787(L=2),GO:0016788(L=3),GO:0052689(L=4),	PFAM (Abhydrolase_1, Abhydro_lipase), SMART (SIGNAL, TRANS)	NA
TR268025|c0_g1_i5	5.79882981599414	1.18069889550585e-06	0.00144269516269884	1.84609830809126e-05	0.061456349737261	XP_014291794.1 histone-lysine N-methyltransferase 2C-like isoform X6 [Halyomorpha halys]	halyomorpha halys	No	FALSE	NA					FYRC	310	GO:0001654(L=7),GO:0001745(L=6),GO:0006325(L=4),GO:0006355(L=7),GO:0006464(L=5),GO:0006479(L=4),GO:0006996(L=3),GO:0007154(L=2),GO:0007165(L=3),GO:0007166(L=4),GO:0007224(L=5),GO:0007275(L=3),GO:0007423(L=6),GO:0007458(L=7),GO:0008150(L=0),GO:0008152(L=1),GO:0008213(L=6),GO:0009653(L=3),GO:0009887(L=4),GO:0009889(L=4),GO:0009891(L=5),GO:0009893(L=4),GO:0009987(L=1),GO:0010468(L=5),GO:0010556(L=5),GO:0010557(L=6),GO:0010604(L=5),GO:0010628(L=6),GO:0010638(L=6),GO:0016043(L=2),GO:0016569(L=5),GO:0016570(L=6),GO:0016571(L=5),GO:0018022(L=5),GO:0018193(L=6),GO:0018205(L=7),GO:0019219(L=5),GO:0019222(L=3),GO:0019538(L=3),GO:0023052(L=1),GO:0031056(L=7),GO:0031058(L=8),GO:0031060(L=8),GO:0031062(L=8),GO:0031323(L=4),GO:0031325(L=5),GO:0031326(L=5),GO:0031328(L=6),GO:0031399(L=6),GO:0031401(L=7),GO:0032259(L=2),GO:0032268(L=5),GO:0032270(L=6),GO:0032501(L=1),GO:0032502(L=1),GO:0033043(L=5),GO:0033044(L=6),GO:0034968(L=8),GO:0036211(L=4),GO:0043170(L=3),GO:0043412(L=4),GO:0043414(L=3),GO:0044237(L=2),GO:0044238(L=2),GO:0044260(L=3),GO:0044267(L=4),GO:0044699(L=1),GO:0044700(L=2),GO:0044707(L=2),GO:0044763(L=2),GO:0044767(L=2),GO:0045893(L=8),GO:0045935(L=6),GO:0048513(L=4),GO:0048518(L=3),GO:0048522(L=4),GO:0048592(L=5),GO:0048731(L=4),GO:0048749(L=8),GO:0048856(L=2),GO:0050789(L=2),GO:0050794(L=3),GO:0050896(L=1),GO:0051128(L=4),GO:0051130(L=5),GO:0051171(L=4),GO:0051173(L=5),GO:0051246(L=5),GO:0051247(L=6),GO:0051252(L=5),GO:0051254(L=6),GO:0051276(L=4),GO:0051568(L=7),GO:0051570(L=9),GO:0051574(L=10),GO:0051716(L=2),GO:0060255(L=4),GO:0065007(L=1),GO:0071704(L=2),GO:0071840(L=1),GO:0080090(L=4),GO:1900112(L=10),GO:1900114(L=11),GO:1902275(L=5),GO:2000112(L=6),GO:2001141(L=6),GO:2001252(L=7),	GO:0005575(L=0),GO:0005622(L=3),GO:0005623(L=1),GO:0005634(L=5),GO:0005654(L=5),GO:0005694(L=4),GO:0005700(L=5),GO:0031974(L=1),GO:0031981(L=6),GO:0032991(L=1),GO:0034708(L=4),GO:0035097(L=7),GO:0043226(L=1),GO:0043227(L=2),GO:0043228(L=2),GO:0043229(L=3),GO:0043231(L=4),GO:0043232(L=3),GO:0043233(L=2),GO:0043234(L=2),GO:0044422(L=2),GO:0044424(L=3),GO:0044428(L=5),GO:0044446(L=3),GO:0044451(L=5),GO:0044464(L=2),GO:0044666(L=8),GO:0070013(L=3),	GO:0000988(L=1),GO:0000989(L=2),GO:0003674(L=0),GO:0003676(L=3),GO:0003677(L=4),GO:0003712(L=3),GO:0003713(L=4),GO:0003824(L=1),GO:0005102(L=3),GO:0005488(L=1),GO:0005515(L=2),GO:0008168(L=4),GO:0008170(L=5),GO:0008270(L=6),GO:0008276(L=5),GO:0008757(L=5),GO:0016278(L=6),GO:0016279(L=6),GO:0016740(L=2),GO:0016741(L=3),GO:0018024(L=7),GO:0042054(L=6),GO:0042800(L=8),GO:0043167(L=2),GO:0043169(L=3),GO:0046872(L=4),GO:0046914(L=5),GO:0097159(L=2),GO:1901363(L=2),	PFAM (SET, FYRC, FYRN, PHD), SMART (PHD, COIL, SET, PostSET, FYRC, FYRN, RING, HMG)	NA
TR268073|c0_g1_i3	8.15739077429775	4.89029190908218e-06	0.00144269727011031	3.68504082587443e-05	0.0693473855280245				FALSE	NA											NA
TR224172|c5_g10_i3	43.3248151042527	4.58135784075417e-06	0.00144269682646477	7.20874711060288e-05	0.0844597787499164	tr|A0A1Y1NMG5|A0A1Y1NMG5_PHOPY Uncharacterized protein (Fragment) OS=Photinus pyralis OX=7054 PE=4 SV=1	photinus pyralis	No	FALSE	NA					Inherit from biNOG: protein-kinase, interferon-inducible double stranded RNA dependent inhibitor, repressor of (P58 repressor)					PFAM (hATC, PBP_GOBP), SMART (ZnF_TTF)	NA
TR279716|c1_g1_i1	285.672480459069	-8.89258426097925e-07	0.00144269507904687	7.00277909021036e-05	0.0844597787499164	tr|R4WQA7|R4WQA7_RIPPE Uncharacterized protein OS=Riptortus pedestris OX=329032 PE=2 SV=1	riptortus pedestris	No	FALSE	NA											NA
TR198914|c4_g6_i8	11.2881679522577	-6.36330879916076e-07	0.00144269506451209	5.11835127812018e-05	0.0872902820787909				FALSE	NA											NA
TR271772|c2_g1_i3	46.2359816301363	-6.61545298500502e-07	0.00144269505232212	0.000101647256205311	0.111875132612111	tr|R4WQK9|R4WQK9_RIPPE Cathepsin L OS=Riptortus pedestris OX=329032 PE=2 SV=1	riptortus pedestris	No	FALSE	NA				CTSL2	cathepsin	4142,4142,4145,4612,5205,5323,5202	GO:0000003(L=1),GO:0001890(L=6),GO:0001893(L=5),GO:0002165(L=4),GO:0002250(L=3),GO:0002376(L=1),GO:0002478(L=4),GO:0002495(L=4),GO:0002504(L=3),GO:0003006(L=2),GO:0006508(L=4),GO:0006915(L=5),GO:0006925(L=6),GO:0006950(L=2),GO:0006952(L=3),GO:0006955(L=2),GO:0007154(L=2),GO:0007165(L=3),GO:0007166(L=4),GO:0007186(L=4),GO:0007275(L=3),GO:0007276(L=3),GO:0007283(L=6),GO:0007399(L=5),GO:0007431(L=5),GO:0007435(L=5),GO:0007548(L=3),GO:0007552(L=4),GO:0007559(L=-1),GO:0007565(L=4),GO:0007568(L=3),GO:0008150(L=0),GO:0008152(L=1),GO:0008219(L=3),GO:0008406(L=4),GO:0008584(L=5),GO:0009056(L=2),GO:0009057(L=4),GO:0009267(L=4),GO:0009605(L=2),GO:0009653(L=3),GO:0009719(L=2),GO:0009725(L=3),GO:0009743(L=4),GO:0009746(L=6),GO:0009749(L=7),GO:0009790(L=4),GO:0009791(L=4),GO:0009792(L=5),GO:0009886(L=4),GO:0009888(L=3),GO:0009987(L=1),GO:0009991(L=3),GO:0010033(L=3),GO:0010259(L=4),GO:0012501(L=4),GO:0014070(L=4),GO:0016265(L=-1),GO:0016271(L=-1),GO:0019538(L=3),GO:0019882(L=2),GO:0019884(L=3),GO:0019886(L=5),GO:0019953(L=2),GO:0021675(L=5),GO:0022414(L=2),GO:0022612(L=4),GO:0023052(L=1),GO:0030154(L=4),GO:0030163(L=4),GO:0030855(L=5),GO:0031667(L=4),GO:0031668(L=3),GO:0031669(L=4),GO:0031960(L=5),GO:0032501(L=1),GO:0032502(L=1),GO:0032504(L=2),GO:0032870(L=4),GO:0033028(L=6),GO:0033554(L=3),GO:0033993(L=4),GO:0034284(L=5),GO:0034698(L=4),GO:0035070(L=5),GO:0035071(L=6),GO:0035272(L=5),GO:0040008(L=3),GO:0040009(L=4),GO:0040010(L=5),GO:0040011(L=1),GO:0042221(L=2),GO:0042594(L=3),GO:0043170(L=3),GO:0044238(L=2),GO:0044699(L=1),GO:0044700(L=2),GO:0044702(L=3),GO:0044703(L=3),GO:0044706(L=2),GO:0044707(L=2),GO:0044763(L=2),GO:0044767(L=2),GO:0045087(L=3),GO:0045137(L=4),GO:0045927(L=4),GO:0046546(L=5),GO:0046661(L=4),GO:0046697(L=5),GO:0048002(L=3),GO:0048102(L=5),GO:0048232(L=5),GO:0048513(L=4),GO:0048518(L=3),GO:0048545(L=4),GO:0048608(L=5),GO:0048609(L=3),GO:0048610(L=-1),GO:0048707(L=5),GO:0048731(L=4),GO:0048732(L=6),GO:0048856(L=2),GO:0048863(L=5),GO:0048869(L=3),GO:0050789(L=2),GO:0050794(L=3),GO:0050896(L=1),GO:0051384(L=6),GO:0051704(L=1),GO:0051716(L=2),GO:0060008(L=5),GO:0060135(L=4),GO:0060429(L=4),GO:0061458(L=5),GO:0065007(L=1),GO:0070265(L=4),GO:0070887(L=3),GO:0071310(L=4),GO:0071495(L=3),GO:0071496(L=3),GO:0071704(L=2),GO:0071887(L=6),GO:0071888(L=7),GO:0097066(L=4),GO:0097067(L=5),GO:0097285(L=-1),GO:1901575(L=3),GO:1901700(L=3),	GO:0000323(L=6),GO:0005575(L=0),GO:0005576(L=1),GO:0005622(L=3),GO:0005623(L=1),GO:0005634(L=5),GO:0005730(L=5),GO:0005737(L=4),GO:0005764(L=7),GO:0005768(L=5),GO:0005773(L=5),GO:0005775(L=5),GO:0005886(L=3),GO:0005902(L=5),GO:0009897(L=3),GO:0009986(L=3),GO:0016020(L=1),GO:0016021(L=4),GO:0031224(L=3),GO:0031904(L=5),GO:0031974(L=1),GO:0031981(L=6),GO:0031982(L=3),GO:0031983(L=4),GO:0036019(L=7),GO:0036021(L=8),GO:0042718(L=5),GO:0042995(L=3),GO:0043005(L=4),GO:0043025(L=4),GO:0043202(L=7),GO:0043204(L=4),GO:0043226(L=1),GO:0043227(L=2),GO:0043228(L=2),GO:0043229(L=3),GO:0043231(L=4),GO:0043232(L=3),GO:0043233(L=2),GO:0044297(L=3),GO:0044422(L=2),GO:0044424(L=3),GO:0044425(L=2),GO:0044428(L=5),GO:0044437(L=5),GO:0044440(L=6),GO:0044444(L=4),GO:0044446(L=3),GO:0044459(L=3),GO:0044464(L=2),GO:0045169(L=5),GO:0060417(L=5),GO:0070013(L=3),GO:0071944(L=3),GO:0097458(L=3),	GO:0003674(L=0),GO:0003824(L=1),GO:0004175(L=5),GO:0004177(L=6),GO:0004197(L=6),GO:0004871(L=1),GO:0004872(L=2),GO:0004888(L=3),GO:0004930(L=4),GO:0005488(L=1),GO:0005515(L=2),GO:0008233(L=3),GO:0008234(L=5),GO:0008238(L=5),GO:0016787(L=2),GO:0033218(L=2),GO:0038023(L=2),GO:0042277(L=3),GO:0042393(L=3),GO:0060089(L=1),GO:0070011(L=4),	PFAM (Peptidase_C1, Inhibitor_I29, Peptidase_C1_2), SMART (Pept_C1, Inhibitor_I29, SIGNAL, TRANS)	NA
TR212942|c1_g1_i2	22.3016582643869	3.96140601189883e-06	0.00144269622653131	0.000125372354451385	0.126924802731145				FALSE	NA											NA
TR40120|c0_g1_i2	8.4644485923546	3.00407501159435	0.917050715843146	0.000131795983922382	0.129615746249278				FALSE	NA											NA
TR202081|c3_g5_i2	17.4356569131176	-1.61316305259823e-06	0.00144269518904429	0.00014460092536832	0.138258615539583				FALSE	NA											NA
TR103605|c0_g2_i1	8.13309689264695	2.49731299285819e-06	0.00144269564712067	0.000103130654122635	0.15211492751591				FALSE	NA											NA
TR209643|c0_g1_i1	29.2661175753134	-8.63037253594092e-07	0.00144269506982456	0.000194005800282469	0.175733577425651				FALSE	NA											NA
TR11196|c0_g1_i1	59.3612265479239	3.74860828656075e-06	0.00144269635262906	0.0002212562907305	0.176442574670253				FALSE	NA											NA
TR184132|c0_g3_i1	723.924731985408	-2.39972090017232e-06	0.00144269537840093	0.000233180796213255	0.176442574670253	tr|R4WMK0|R4WMK0_RIPPE Ferritin OS=Riptortus pedestris OX=329032 PE=2 SV=1	riptortus pedestris	No	FALSE	NA				FER3HCH	Stores iron in a soluble, non-toxic, readily available form. Important for iron homeostasis (By similarity)	860,4978	GO:0000041(L=7),GO:0006810(L=3),GO:0006811(L=4),GO:0006812(L=5),GO:0006826(L=8),GO:0006873(L=5),GO:0006875(L=7),GO:0006879(L=9),GO:0006950(L=2),GO:0007154(L=2),GO:0008150(L=0),GO:0008152(L=1),GO:0009267(L=4),GO:0009605(L=2),GO:0009966(L=4),GO:0009967(L=5),GO:0009987(L=1),GO:0009991(L=3),GO:0010106(L=5),GO:0010646(L=4),GO:0010647(L=5),GO:0019725(L=3),GO:0023051(L=3),GO:0023056(L=4),GO:0030001(L=6),GO:0030003(L=6),GO:0031667(L=4),GO:0031668(L=3),GO:0031669(L=4),GO:0033554(L=3),GO:0042592(L=3),GO:0042594(L=3),GO:0044699(L=1),GO:0044710(L=2),GO:0044763(L=2),GO:0044765(L=3),GO:0046425(L=7),GO:0046427(L=8),GO:0046916(L=8),GO:0048518(L=3),GO:0048522(L=4),GO:0048583(L=3),GO:0048584(L=4),GO:0048878(L=4),GO:0050789(L=2),GO:0050794(L=3),GO:0050801(L=5),GO:0050896(L=1),GO:0051179(L=1),GO:0051234(L=2),GO:0051716(L=2),GO:0055065(L=7),GO:0055072(L=9),GO:0055076(L=8),GO:0055080(L=6),GO:0055082(L=4),GO:0055114(L=3),GO:0065007(L=1),GO:0065008(L=2),GO:0071496(L=3),	GO:0005575(L=0),GO:0005622(L=3),GO:0005623(L=1),GO:0008043(L=4),GO:0032991(L=1),GO:0043234(L=2),GO:0044424(L=3),GO:0044464(L=2),GO:0070288(L=3),	GO:0003674(L=0),GO:0003824(L=1),GO:0004322(L=5),GO:0005488(L=1),GO:0005506(L=6),GO:0008198(L=7),GO:0008199(L=7),GO:0016491(L=2),GO:0016722(L=3),GO:0016724(L=4),GO:0043167(L=2),GO:0043169(L=3),GO:0046872(L=4),GO:0046914(L=5),	PFAM (Ferritin, Rubrerythrin), SMART (TRANS)	NA
TR204023|c0_g1_i1	40.5144064235836	-8.80998036390807e-07	0.00144269506609415	0.000201913735907144	0.176442574670253	XP_014285792.1 multicystatin-like [Halyomorpha halys]	halyomorpha halys	No	FALSE	NA											NA
TR210315|c0_g2_i1	4.0483083124466	-2.92816988243581e-07	0.00144269504710269	0.00014485502682857	0.176442574670253				FALSE	NA											NA
TR211477|c3_g1_i1	13.1882134117568	2.62583088718926e-06	0.0014426955736237	0.00021679566206996	0.176442574670253				FALSE	NA											ice-structuring glycoprotein
TR241530|c0_g1_i1	14.7794355102212	-2.15813779820738e-06	0.00144269527230256	0.000236380799517244	0.176442574670253				FALSE	NA											NA
TR245545|c0_g3_i1	26.1000295201199	2.87207700795587e-06	0.00144269558246852	0.000206110138156155	0.176442574670253				FALSE	NA											NA
TR265335|c1_g1_i1	8.12316656859615	1.45442969020501e-06	0.0014426951729464	0.000154445165836085	0.176442574670253	tr|A0A2R7VQR7|A0A2R7VQR7_ONCFA Uncharacterized protein OS=Oncopeltus fasciatus OX=7536 GN=OFAS_OFAS000073 PE=3 SV=1	oncopeltus fasciatus	No	FALSE	NA					Cytochrome P450		GO:0008150(L=0),GO:0008152(L=1),GO:0044710(L=2),GO:0055114(L=3),		GO:0003674(L=0),GO:0003824(L=1),GO:0004497(L=3),GO:0005488(L=1),GO:0005506(L=6),GO:0009055(L=1),GO:0016491(L=2),GO:0016705(L=3),GO:0020037(L=4),GO:0043167(L=2),GO:0043169(L=3),GO:0046872(L=4),GO:0046906(L=3),GO:0046914(L=5),GO:0097159(L=2),GO:1901363(L=2),	PFAM (p450), SMART (TRANS)	NA
TR269265|c0_g4_i1	8.1846329449469	2.7602298942049e-06	0.00144269569089389	0.000154421415173595	0.176442574670253				FALSE	NA											NA
TR273399|c0_g3_i2	58.5029971544249	-7.29942449880392e-07	0.00144269504561926	0.000224735465787149	0.176442574670253				FALSE	NA											NA
TR279659|c0_g1_i2	8.85428276476653	-1.08687672171191e-07	0.00144269503488445	0.000244223353469667	0.181026832806376				FALSE	NA											NA
TR231846|c1_g1_i3	3.3590432030649	2.77952227856191e-06	0.00144269577424778	0.000167019585057761	0.182298536698845				FALSE	NA											NA
TR237490|c1_g3_i1	2.35999263315693	-1.84190240347262e-06	0.00144269521481699	0.000190015998043497	0.203332021122075				FALSE	NA											NA
TR202839|c0_g1_i1	21.3322182138349	4.73641376183609e-06	0.00144269645445643	0.000315266853293883	0.204656156246912	tr|R4WED7|R4WED7_RIPPE Unkown protein (Fragment) OS=Riptortus pedestris OX=329032 PE=2 SV=1	riptortus pedestris	No	FALSE	NA				SSPO	Low density lipoprotein receptor-related protein	4310	GO:0000003(L=1),GO:0002165(L=4),GO:0003006(L=2),GO:0006508(L=4),GO:0006511(L=8),GO:0006810(L=3),GO:0006811(L=4),GO:0006897(L=5),GO:0006898(L=6),GO:0007154(L=2),GO:0007155(L=2),GO:0007165(L=3),GO:0007166(L=4),GO:0007186(L=4),GO:0007275(L=3),GO:0007276(L=3),GO:0007281(L=4),GO:0007292(L=5),GO:0007444(L=6),GO:0007552(L=4),GO:0007560(L=6),GO:0007561(L=7),GO:0008150(L=0),GO:0008152(L=1),GO:0009056(L=2),GO:0009057(L=4),GO:0009653(L=3),GO:0009790(L=4),GO:0009791(L=4),GO:0009792(L=5),GO:0009886(L=4),GO:0009887(L=4),GO:0009987(L=1),GO:0009994(L=5),GO:0010466(L=8),GO:0010468(L=5),GO:0010951(L=7),GO:0016192(L=4),GO:0019222(L=3),GO:0019538(L=3),GO:0019941(L=7),GO:0019953(L=2),GO:0022412(L=3),GO:0022414(L=2),GO:0022610(L=1),GO:0023052(L=1),GO:0030154(L=4),GO:0030155(L=3),GO:0030163(L=4),GO:0030334(L=6),GO:0030728(L=5),GO:0032501(L=1),GO:0032502(L=1),GO:0032504(L=2),GO:0032879(L=3),GO:0034220(L=5),GO:0040008(L=3),GO:0040009(L=4),GO:0040010(L=5),GO:0040012(L=3),GO:0043086(L=4),GO:0043170(L=3),GO:0043632(L=5),GO:0044092(L=3),GO:0044237(L=2),GO:0044238(L=2),GO:0044248(L=3),GO:0044257(L=5),GO:0044260(L=3),GO:0044265(L=4),GO:0044267(L=4),GO:0044699(L=1),GO:0044700(L=2),GO:0044702(L=3),GO:0044707(L=2),GO:0044763(L=2),GO:0044765(L=3),GO:0044767(L=2),GO:0045927(L=4),GO:0045995(L=5),GO:0048468(L=5),GO:0048477(L=4),GO:0048513(L=4),GO:0048518(L=3),GO:0048563(L=4),GO:0048569(L=6),GO:0048599(L=4),GO:0048609(L=3),GO:0048610(L=-1),GO:0048707(L=5),GO:0048731(L=4),GO:0048856(L=2),GO:0048869(L=3),GO:0050789(L=2),GO:0050790(L=3),GO:0050793(L=3),GO:0050794(L=3),GO:0050896(L=1),GO:0051179(L=1),GO:0051234(L=2),GO:0051239(L=3),GO:0051246(L=5),GO:0051270(L=4),GO:0051336(L=4),GO:0051346(L=5),GO:0051603(L=6),GO:0051716(L=2),GO:0052547(L=7),GO:0052548(L=7),GO:0055085(L=4),GO:0060255(L=4),GO:0065007(L=1),GO:0065009(L=2),GO:0070613(L=7),GO:0071704(L=2),GO:0080090(L=4),GO:1901575(L=3),GO:2000026(L=4),GO:2000145(L=4),	GO:0005575(L=0),GO:0005576(L=1),GO:0005578(L=3),GO:0005604(L=4),GO:0005605(L=4),GO:0005606(L=6),GO:0005615(L=3),GO:0005622(L=3),GO:0005623(L=1),GO:0005737(L=4),GO:0005768(L=5),GO:0005886(L=3),GO:0005887(L=4),GO:0010008(L=5),GO:0016020(L=1),GO:0016021(L=4),GO:0019898(L=3),GO:0031012(L=2),GO:0031090(L=3),GO:0031224(L=3),GO:0031226(L=3),GO:0031410(L=4),GO:0031982(L=3),GO:0032991(L=1),GO:0043226(L=1),GO:0043227(L=2),GO:0043229(L=3),GO:0043231(L=4),GO:0043234(L=2),GO:0043256(L=4),GO:0044420(L=3),GO:0044421(L=2),GO:0044422(L=2),GO:0044424(L=3),GO:0044425(L=2),GO:0044440(L=6),GO:0044444(L=4),GO:0044446(L=3),GO:0044459(L=3),GO:0044464(L=2),GO:0071944(L=3),	GO:0001540(L=4),GO:0003674(L=0),GO:0003676(L=3),GO:0003824(L=1),GO:0004175(L=5),GO:0004221(L=-1),GO:0004252(L=5),GO:0004857(L=3),GO:0004866(L=5),GO:0004867(L=6),GO:0004871(L=1),GO:0004872(L=2),GO:0004888(L=3),GO:0004930(L=4),GO:0005041(L=5),GO:0005215(L=1),GO:0005216(L=5),GO:0005230(L=6),GO:0005488(L=1),GO:0005509(L=5),GO:0005539(L=3),GO:0005540(L=4),GO:0008233(L=3),GO:0008234(L=5),GO:0008236(L=4),GO:0008270(L=6),GO:0008773(L=6),GO:0015075(L=4),GO:0015267(L=4),GO:0015276(L=5),GO:0016740(L=2),GO:0016772(L=3),GO:0016779(L=4),GO:0016787(L=2),GO:0016788(L=3),GO:0016790(L=4),GO:0017171(L=3),GO:0022803(L=3),GO:0022834(L=4),GO:0022836(L=5),GO:0022838(L=4),GO:0022839(L=6),GO:0022857(L=2),GO:0022891(L=3),GO:0022892(L=2),GO:0030228(L=4),GO:0030234(L=2),GO:0030246(L=2),GO:0030414(L=4),GO:0033218(L=2),GO:0038023(L=2),GO:0038024(L=3),GO:0042277(L=3),GO:0043167(L=2),GO:0043169(L=3),GO:0046872(L=4),GO:0046914(L=5),GO:0060089(L=1),GO:0061134(L=3),GO:0061135(L=4),GO:0070011(L=4),GO:0070569(L=5),GO:0097159(L=2),GO:0097367(L=2),GO:1901363(L=2),	PFAM (Ldl_recept_a, Ldl_recept_b, EGF_CA, TSP_1, TIL, fn3, CUB, EGF, Laminin_EGF, VWD, C8), SMART (LDLa, LY, EGF, EGF_CA, TRANS, EGF_like, TSP1, SIGNAL, FN3, VWC_def, CUB, VWC, EGF_Lam, C8, VWD, COIL)	SSPO
TR204887|c0_g1_i1	80.422114104944	1.362594257909	0.514047856109816	0.000304275321570677	0.204656156246912	XP_014289416.1 laminin subunit alpha [Halyomorpha halys]	halyomorpha halys	No	FALSE	NA					LamNT	4151,4510,4512,5145,5146,5200,5222	GO:0006464(L=5),GO:0006468(L=6),GO:0006793(L=3),GO:0006796(L=4),GO:0007154(L=2),GO:0007155(L=2),GO:0007165(L=3),GO:0008150(L=0),GO:0008152(L=1),GO:0009987(L=1),GO:0016310(L=5),GO:0019538(L=3),GO:0022610(L=1),GO:0023052(L=1),GO:0030155(L=3),GO:0030334(L=6),GO:0032879(L=3),GO:0036211(L=4),GO:0040012(L=3),GO:0043170(L=3),GO:0043412(L=4),GO:0044237(L=2),GO:0044238(L=2),GO:0044260(L=3),GO:0044267(L=4),GO:0044699(L=1),GO:0044700(L=2),GO:0044763(L=2),GO:0045995(L=5),GO:0050789(L=2),GO:0050793(L=3),GO:0050794(L=3),GO:0050896(L=1),GO:0051239(L=3),GO:0051270(L=4),GO:0051716(L=2),GO:0065007(L=1),GO:0071704(L=2),GO:2000026(L=4),GO:2000145(L=4),	GO:0005575(L=0),GO:0005576(L=1),GO:0005578(L=3),GO:0005604(L=4),GO:0005605(L=4),GO:0005606(L=6),GO:0031012(L=2),GO:0032991(L=1),GO:0043234(L=2),GO:0043256(L=4),GO:0044420(L=3),GO:0044421(L=2),	GO:0003674(L=0),GO:0003824(L=1),GO:0004672(L=5),GO:0004713(L=6),GO:0004714(L=5),GO:0004871(L=1),GO:0004872(L=2),GO:0004888(L=3),GO:0016301(L=4),GO:0016740(L=2),GO:0016772(L=3),GO:0016773(L=4),GO:0019199(L=4),GO:0038023(L=2),GO:0060089(L=1),	PFAM (Laminin_EGF, Laminin_G_2, Laminin_G_1, Laminin_N, Laminin_II, Laminin_B, Laminin_I), SMART (EGF_Lam, LamG, COIL, TNFR, LamNT, LamB, SIGNAL, EGF_like, TRANS)	laminin-alpha
TR228549|c0_g6_i2	66.4547802008329	-1.55382087447304e-06	0.00144269515839263	0.000304174088959102	0.204656156246912	XP_027223631.1 LOW QUALITY PROTEIN: protein TAR1-like [Penaeus vannamei]	penaeus vannamei	No	FALSE	NA					NA						NA
TR203318|c2_g1_i1	42.113764769666	4.22980204227239e-06	0.0014426963901264	0.000337735839920739	0.211367442429146	XP_014271048.1 lysine-specific histone demethylase 1A-like [Halyomorpha halys]	halyomorpha halys	No	FALSE	NA				SU(VAR)3-3	Lysine-specific histone demethylase		GO:0000003(L=1),GO:0002165(L=4),GO:0003002(L=5),GO:0006325(L=4),GO:0006355(L=7),GO:0006464(L=5),GO:0006482(L=3),GO:0006996(L=3),GO:0007275(L=3),GO:0007276(L=3),GO:0007292(L=5),GO:0007389(L=4),GO:0007444(L=6),GO:0007472(L=7),GO:0007474(L=6),GO:0007476(L=8),GO:0007552(L=4),GO:0007560(L=6),GO:0008150(L=0),GO:0008152(L=1),GO:0008214(L=6),GO:0008593(L=5),GO:0009653(L=3),GO:0009791(L=4),GO:0009886(L=4),GO:0009887(L=4),GO:0009889(L=4),GO:0009892(L=4),GO:0009966(L=4),GO:0009987(L=1),GO:0010468(L=5),GO:0010556(L=5),GO:0010605(L=5),GO:0010629(L=6),GO:0010646(L=4),GO:0016043(L=2),GO:0016458(L=5),GO:0016569(L=5),GO:0016570(L=6),GO:0016577(L=4),GO:0019219(L=5),GO:0019222(L=3),GO:0019538(L=3),GO:0019953(L=2),GO:0022414(L=2),GO:0023051(L=3),GO:0031323(L=4),GO:0031326(L=5),GO:0032259(L=2),GO:0032501(L=1),GO:0032502(L=1),GO:0032504(L=2),GO:0034720(L=6),GO:0035107(L=4),GO:0035114(L=5),GO:0035120(L=6),GO:0035220(L=7),GO:0036211(L=4),GO:0043170(L=3),GO:0043412(L=4),GO:0044237(L=2),GO:0044238(L=2),GO:0044260(L=3),GO:0044267(L=4),GO:0044699(L=1),GO:0044702(L=3),GO:0044707(L=2),GO:0044710(L=2),GO:0044763(L=2),GO:0044767(L=2),GO:0048477(L=4),GO:0048513(L=4),GO:0048519(L=3),GO:0048563(L=4),GO:0048569(L=6),GO:0048583(L=3),GO:0048609(L=3),GO:0048707(L=5),GO:0048731(L=4),GO:0048736(L=4),GO:0048737(L=5),GO:0048856(L=2),GO:0050789(L=2),GO:0050794(L=3),GO:0051171(L=4),GO:0051252(L=5),GO:0051276(L=4),GO:0055114(L=3),GO:0060255(L=4),GO:0065007(L=1),GO:0070076(L=8),GO:0070828(L=5),GO:0070988(L=3),GO:0071704(L=2),GO:0071840(L=1),GO:0080090(L=4),GO:2000112(L=6),GO:2001141(L=6),	GO:0005575(L=0),GO:0005622(L=3),GO:0005623(L=1),GO:0005634(L=5),GO:0005654(L=5),GO:0017053(L=2),GO:0031974(L=1),GO:0031981(L=6),GO:0032991(L=1),GO:0043226(L=1),GO:0043227(L=2),GO:0043229(L=3),GO:0043231(L=4),GO:0043233(L=2),GO:0043234(L=2),GO:0044422(L=2),GO:0044424(L=3),GO:0044428(L=5),GO:0044446(L=3),GO:0044451(L=5),GO:0044464(L=2),GO:0070013(L=3),	GO:0000166(L=3),GO:0003674(L=0),GO:0003676(L=3),GO:0003677(L=4),GO:0003824(L=1),GO:0005488(L=1),GO:0008168(L=4),GO:0016491(L=2),GO:0016645(L=3),GO:0016647(L=4),GO:0016740(L=2),GO:0016741(L=3),GO:0036094(L=2),GO:0043167(L=2),GO:0043168(L=3),GO:0046592(L=5),GO:0048037(L=2),GO:0050660(L=4),GO:0050662(L=3),GO:0097159(L=2),GO:1901265(L=3),GO:1901363(L=2),	PFAM (Amino_oxidase, SWIRM, DAO, FAD_binding_2, Pyr_redox, HI0933_like, Pyr_redox_2, GIDA, AlaDh_PNT_C), SMART (COIL)	SU(VAR)3-3
TR219410|c2_g1_i1	52.3410133055464	3.44570881193638e-06	0.00144269601103938	0.00035252194975961	0.213958515145213				FALSE	NA											NA
TR243901|c0_g1_i1	0.888960937343523	3.66700884341364e-07	0.00144269504236338	0.000112308571457392	0.213958515145213	XP_039286606.1 piggyBac transposable element-derived protein 4-like [Nilaparvata lugens]	nilaparvata lugens	No	FALSE	NA					Inherit from meNOG: transposase yabusame-1				GO:0003674(L=0),GO:0003676(L=3),GO:0003677(L=4),GO:0005488(L=1),GO:0097159(L=2),GO:1901363(L=2),	PFAM (FLYWCH), SMART (TRANS, AT_hook)	NA
TR219063|c7_g1_i5	2.97893828160571	2.84124900797922e-07	0.00144269504508525	0.000235463531275038	0.221554944065585	XP_014274589.1 mitochondrial 2-oxoglutarate/malate carrier protein-like isoform X1 [Halyomorpha halys]	halyomorpha halys	No	FALSE	NA				SLC25A11	solute carrier family 25 (mitochondrial carrier)		GO:0005975(L=3),GO:0005996(L=4),GO:0006006(L=7),GO:0006094(L=7),GO:0006810(L=3),GO:0006811(L=4),GO:0006820(L=5),GO:0006835(L=7),GO:0006839(L=4),GO:0008150(L=0),GO:0008152(L=1),GO:0009058(L=2),GO:0009987(L=1),GO:0015711(L=5),GO:0015740(L=7),GO:0015742(L=7),GO:0015743(L=8),GO:0015849(L=4),GO:0016051(L=4),GO:0019318(L=5),GO:0019319(L=7),GO:0034220(L=5),GO:0044238(L=2),GO:0044281(L=3),GO:0044699(L=1),GO:0044710(L=2),GO:0044723(L=3),GO:0044763(L=2),GO:0044765(L=3),GO:0046364(L=5),GO:0046907(L=3),GO:0046942(L=7),GO:0051179(L=1),GO:0051234(L=2),GO:0051641(L=2),GO:0051649(L=3),GO:0055085(L=4),GO:0071423(L=7),GO:0071702(L=4),GO:0071704(L=2),GO:1901576(L=3),	GO:0005575(L=0),GO:0005622(L=3),GO:0005623(L=1),GO:0005737(L=4),GO:0005739(L=5),GO:0005740(L=6),GO:0005743(L=5),GO:0005811(L=5),GO:0005886(L=3),GO:0005887(L=4),GO:0016020(L=1),GO:0016021(L=4),GO:0019866(L=4),GO:0031090(L=3),GO:0031224(L=3),GO:0031226(L=3),GO:0031966(L=5),GO:0031967(L=3),GO:0031975(L=3),GO:0043226(L=1),GO:0043227(L=2),GO:0043229(L=3),GO:0043231(L=4),GO:0044422(L=2),GO:0044424(L=3),GO:0044425(L=2),GO:0044429(L=5),GO:0044444(L=4),GO:0044446(L=3),GO:0044459(L=3),GO:0044464(L=2),GO:0071944(L=3),	GO:0003674(L=0),GO:0005215(L=1),GO:0005310(L=6),GO:0005342(L=4),GO:0008509(L=5),GO:0008514(L=6),GO:0015075(L=4),GO:0015140(L=8),GO:0015291(L=4),GO:0015297(L=5),GO:0015301(L=6),GO:0015367(L=8),GO:0015556(L=7),GO:0022804(L=3),GO:0022857(L=2),GO:0022891(L=3),GO:0022892(L=2),GO:0046943(L=5),	PFAM (Mito_carr), SMART (TRANS)	NA
TR35019|c0_g1_i1	10.1028652589193	3.60511867655152e-06	0.00144269598554199	0.000251256441888996	0.232407950163561				FALSE	NA											NA
TR206441|c2_g2_i1	5.41032845385212	-2.71033735725494e-07	0.00144269504381763	0.000151283086014716	0.236478955543072	XP_014286946.1 2-hydroxyacylsphingosine 1-beta-galactosyltransferase-like [Halyomorpha halys]	halyomorpha halys	No	FALSE	NA				UGT37B1	ec 2.4.1.17	40,53,140,500,830,860,980,982,983,1100,5204	GO:0008150(L=0),GO:0008152(L=1),		GO:0003674(L=0),GO:0003824(L=1),GO:0003851(L=6),GO:0008194(L=4),GO:0008378(L=5),GO:0015020(L=5),GO:0016740(L=2),GO:0016757(L=3),GO:0016758(L=4),GO:0035250(L=5),GO:0035251(L=5),GO:0046527(L=5),GO:0050488(L=6),	PFAM (UDPGT, Glyco_tran_28_C), SMART (TRANS, SIGNAL)	NA
TR247019|c1_g5_i2	26.0208322139984	8.28676420750349e-06	0.00144269935022762	0.000438647464313039	0.244082453011849	tr|A0A4Y2MF23|A0A4Y2MF23_ARAVE Uncharacterized protein OS=Araneus ventricosus OX=182803 GN=AVEN_21189_1 PE=4 SV=1	araneus ventricosus	No	FALSE	NA					Inherit from opiNOG: Reverse transcriptase (RNA-dependent DNA polymerase)		GO:0006139(L=3),GO:0006259(L=4),GO:0006260(L=5),GO:0006278(L=7),GO:0006508(L=4),GO:0006725(L=3),GO:0006807(L=2),GO:0008150(L=0),GO:0008152(L=1),GO:0009058(L=2),GO:0009059(L=4),GO:0009987(L=1),GO:0015074(L=5),GO:0019538(L=3),GO:0034641(L=3),GO:0034645(L=4),GO:0043170(L=3),GO:0044237(L=2),GO:0044238(L=2),GO:0044249(L=3),GO:0044260(L=3),GO:0046483(L=3),GO:0071704(L=2),GO:0090304(L=4),GO:1901360(L=3),GO:1901576(L=3),		GO:0003674(L=0),GO:0003676(L=3),GO:0003723(L=4),GO:0003824(L=1),GO:0003964(L=6),GO:0004175(L=5),GO:0004190(L=6),GO:0005488(L=1),GO:0008233(L=3),GO:0008270(L=6),GO:0016740(L=2),GO:0016772(L=3),GO:0016779(L=4),GO:0016787(L=2),GO:0034061(L=5),GO:0043167(L=2),GO:0043169(L=3),GO:0046872(L=4),GO:0046914(L=5),GO:0070001(L=5),GO:0070011(L=4),GO:0097159(L=2),GO:1901363(L=2),	PFAM (RVT_1, rve, Retrotrans_gag), SMART (ZnF_C2HC)	NA
TR52937|c0_g1_i1	4.63139715711935	3.09553591246259e-06	0.00144269581238076	0.000137936157080535	0.244082453011849				FALSE	NA											NA
TR248120|c0_g1_i1	66.0487937048327	2.24755432382246e-06	0.001442695484928	0.000433501254933798	0.246684252039756				FALSE	NA											NA
TR278685|c1_g1_i1	1.99288570674093	2.85583662999928e-06	0.00144269566535454	0.000289291459862653	0.246684252039756				FALSE	NA											NA
TR233053|c0_g1_i1	10.6400255752103	-7.36295178058633e-07	0.00144269504690709	0.000487120016557052	0.250826719819077				FALSE	NA											NA
TR237179|c0_g1_i1	21.3857388104022	-1.18486695515056e-06	0.00144269510531566	0.000299306250959904	0.250826719819077				FALSE	NA											NA
TR278246|c0_g5_i1	25.4127165818761	-4.63661998196241e-07	0.00144269504005221	0.000483717209986002	0.250826719819077				FALSE	NA											NA
TR213241|c1_g1_i1	8.4295413724546	-6.83236709282833e-07	0.00144269505004726	0.000320557295276059	0.25353759177385	tr|R4WP92|R4WP92_RIPPE GTPase rho OS=Riptortus pedestris OX=329032 PE=2 SV=1	riptortus pedestris	No	FALSE	NA				RHOA	Aldehyde dehydrogenase	10,340,350,360,410,980,982,1100,1120,5204,10,40,53,71,280,310,330,340,380,410,561,620,625,640,903,1100,1110,1120,4062,4144,4270,4310,4350,4360,4510,4520,4530,4660,4670,4722,4810,4972,5100,5130,5133,5152,5200,5203,5205,5210	GO:0000003(L=1),GO:0000165(L=5),GO:0000226(L=4),GO:0000278(L=4),GO:0000280(L=5),GO:0000302(L=4),GO:0000902(L=5),GO:0000904(L=5),GO:0000910(L=4),GO:0000912(L=5),GO:0000915(L=7),GO:0001101(L=3),GO:0001501(L=5),GO:0001503(L=3),GO:0001525(L=4),GO:0001558(L=4),GO:0001568(L=5),GO:0001654(L=7),GO:0001655(L=5),GO:0001666(L=3),GO:0001667(L=5),GO:0001700(L=6),GO:0001703(L=7),GO:0001736(L=6),GO:0001737(L=6),GO:0001738(L=6),GO:0001745(L=6),GO:0001763(L=4),GO:0001775(L=3),GO:0001837(L=6),GO:0001944(L=5),GO:0001956(L=5),GO:0002009(L=5),GO:0002119(L=5),GO:0002164(L=4),GO:0002165(L=4),GO:0002376(L=1),GO:0002520(L=5),GO:0003006(L=2),GO:0003007(L=4),GO:0006066(L=4),GO:0006067(L=6),GO:0006068(L=7),GO:0006081(L=3),GO:0006109(L=5),GO:0006139(L=3),GO:0006152(L=7),GO:0006163(L=5),GO:0006184(L=-1),GO:0006195(L=7),GO:0006259(L=4),GO:0006323(L=6),GO:0006325(L=4),GO:0006333(L=5),GO:0006334(L=7),GO:0006355(L=7),GO:0006357(L=8),GO:0006412(L=5),GO:0006413(L=6),GO:0006417(L=7),GO:0006461(L=5),GO:0006582(L=3),GO:0006629(L=3),GO:0006714(L=7),GO:0006720(L=4),GO:0006721(L=5),GO:0006725(L=3),GO:0006753(L=4),GO:0006793(L=3),GO:0006796(L=4),GO:0006807(L=2),GO:0006810(L=3),GO:0006855(L=5),GO:0006886(L=5),GO:0006897(L=5),GO:0006915(L=5),GO:0006927(L=-1),GO:0006928(L=3),GO:0006935(L=3),GO:0006937(L=6),GO:0006940(L=7),GO:0006950(L=2),GO:0006952(L=3),GO:0006955(L=2),GO:0006970(L=3),GO:0006974(L=4),GO:0006979(L=3),GO:0006996(L=3),GO:0007010(L=4),GO:0007015(L=5),GO:0007017(L=3),GO:0007034(L=4),GO:0007041(L=5),GO:0007043(L=5),GO:0007049(L=3),GO:0007051(L=5),GO:0007052(L=5),GO:0007067(L=5),GO:0007114(L=3),GO:0007117(L=4),GO:0007154(L=2),GO:0007155(L=2),GO:0007160(L=4),GO:0007163(L=3),GO:0007164(L=4),GO:0007165(L=3),GO:0007166(L=4),GO:0007167(L=5),GO:0007169(L=6),GO:0007173(L=8),GO:0007178(L=6),GO:0007179(L=6),GO:0007229(L=5),GO:0007254(L=7),GO:0007264(L=5),GO:0007265(L=6),GO:0007266(L=7),GO:0007275(L=3),GO:0007276(L=3),GO:0007292(L=5),GO:0007297(L=4),GO:0007298(L=7),GO:0007349(L=4),GO:0007368(L=7),GO:0007369(L=6),GO:0007370(L=7),GO:0007374(L=7),GO:0007377(L=7),GO:0007389(L=4),GO:0007391(L=7),GO:0007392(L=7),GO:0007395(L=7),GO:0007399(L=5),GO:0007405(L=7),GO:0007409(L=7),GO:0007411(L=7),GO:0007417(L=5),GO:0007420(L=5),GO:0007422(L=5),GO:0007423(L=6),GO:0007424(L=6),GO:0007431(L=5),GO:0007435(L=5),GO:0007442(L=5),GO:0007443(L=5),GO:0007444(L=6),GO:0007472(L=7),GO:0007476(L=8),GO:0007507(L=5),GO:0007517(L=6),GO:0007519(L=6),GO:0007548(L=3),GO:0007552(L=4),GO:0007560(L=6),GO:0007568(L=3),GO:0007584(L=3),GO:0007596(L=5),GO:0007599(L=4),GO:0007610(L=1),GO:0008037(L=3),GO:0008038(L=5),GO:0008045(L=6),GO:0008064(L=6),GO:0008104(L=3),GO:0008150(L=0),GO:0008152(L=1),GO:0008219(L=3),GO:0008283(L=2),GO:0008284(L=5),GO:0008299(L=4),GO:0008333(L=4),GO:0008347(L=7),GO:0008354(L=4),GO:0008360(L=6),GO:0008361(L=4),GO:0008406(L=4),GO:0008544(L=4),GO:0008610(L=4),GO:0009056(L=2),GO:0009058(L=2),GO:0009059(L=4),GO:0009116(L=4),GO:0009117(L=5),GO:0009119(L=5),GO:0009141(L=5),GO:0009143(L=5),GO:0009144(L=7),GO:0009146(L=7),GO:0009150(L=6),GO:0009154(L=7),GO:0009164(L=5),GO:0009166(L=5),GO:0009199(L=7),GO:0009203(L=7),GO:0009205(L=7),GO:0009207(L=8),GO:0009259(L=5),GO:0009261(L=5),GO:0009269(L=4),GO:0009314(L=3),GO:0009414(L=3),GO:0009415(L=3),GO:0009605(L=2),GO:0009611(L=3),GO:0009612(L=3),GO:0009628(L=2),GO:0009651(L=4),GO:0009653(L=3),GO:0009719(L=2),GO:0009725(L=3),GO:0009737(L=4),GO:0009743(L=4),GO:0009746(L=6),GO:0009749(L=7),GO:0009790(L=4),GO:0009791(L=4),GO:0009792(L=5),GO:0009799(L=5),GO:0009826(L=6),GO:0009855(L=6),GO:0009886(L=4),GO:0009887(L=4),GO:0009888(L=3),GO:0009889(L=4),GO:0009891(L=5),GO:0009893(L=4),GO:0009913(L=6),GO:0009966(L=4),GO:0009967(L=5),GO:0009968(L=5),GO:0009987(L=1),GO:0009991(L=3),GO:0010001(L=7),GO:0010004(L=8),GO:0010033(L=3),GO:0010035(L=3),GO:0010212(L=4),GO:0010243(L=3),GO:0010467(L=4),GO:0010468(L=5),GO:0010556(L=5),GO:0010557(L=6),GO:0010564(L=5),GO:0010604(L=5),GO:0010608(L=6),GO:0010631(L=5),GO:0010638(L=6),GO:0010646(L=4),GO:0010647(L=5),GO:0010648(L=5),GO:0010675(L=5),GO:0010720(L=6),GO:0010721(L=6),GO:0010769(L=6),GO:0010927(L=3),GO:0010941(L=4),GO:0010942(L=5),GO:0010950(L=7),GO:0010952(L=8),GO:0010959(L=7),GO:0010962(L=8),GO:0010975(L=9),GO:0010981(L=5),GO:0012501(L=4),GO:0014031(L=6),GO:0014056(L=5),GO:0014057(L=6),GO:0014070(L=4),GO:0014074(L=4),GO:0014706(L=5),GO:0014866(L=7),GO:0015031(L=4),GO:0015893(L=4),GO:0016032(L=3),GO:0016043(L=2),GO:0016049(L=2),GO:0016055(L=5),GO:0016070(L=4),GO:0016108(L=7),GO:0016109(L=7),GO:0016114(L=5),GO:0016116(L=7),GO:0016117(L=5),GO:0016192(L=4),GO:0016197(L=4),GO:0016265(L=-1),GO:0016318(L=5),GO:0016331(L=6),GO:0016358(L=8),GO:0016476(L=7),GO:0016477(L=4),GO:0016482(L=4),GO:0018958(L=4),GO:0018991(L=3),GO:0019048(L=4),GO:0019098(L=2),GO:0019219(L=5),GO:0019222(L=3),GO:0019229(L=8),GO:0019439(L=4),GO:0019538(L=3),GO:0019637(L=3),GO:0019693(L=4),GO:0019748(L=3),GO:0019953(L=2),GO:0019954(L=2),GO:0021537(L=4),GO:0021543(L=4),GO:0021700(L=3),GO:0021795(L=6),GO:0021861(L=8),GO:0021872(L=7),GO:0021885(L=4),GO:0021987(L=4),GO:0022008(L=5),GO:0022029(L=7),GO:0022402(L=4),GO:0022412(L=3),GO:0022414(L=2),GO:0022603(L=4),GO:0022604(L=5),GO:0022607(L=3),GO:0022610(L=1),GO:0022612(L=4),GO:0023051(L=3),GO:0023052(L=1),GO:0023056(L=4),GO:0023057(L=4),GO:0030011(L=4),GO:0030029(L=3),GO:0030030(L=3),GO:0030036(L=4),GO:0030097(L=7),GO:0030100(L=6),GO:0030154(L=4),GO:0030155(L=3),GO:0030168(L=5),GO:0030182(L=7),GO:0030239(L=6),GO:0030241(L=8),GO:0030307(L=5),GO:0030334(L=6),GO:0030335(L=7),GO:0030518(L=5),GO:0030521(L=6),GO:0030522(L=4),GO:0030582(L=8),GO:0030587(L=5),GO:0030588(L=5),GO:0030589(L=7),GO:0030707(L=5),GO:0030728(L=5),GO:0030832(L=6),GO:0030833(L=7),GO:0030838(L=7),GO:0030855(L=5),GO:0030865(L=5),GO:0030866(L=5),GO:0030900(L=4),GO:0030950(L=5),GO:0030952(L=4),GO:0031032(L=5),GO:0031033(L=5),GO:0031034(L=7),GO:0031098(L=5),GO:0031175(L=5),GO:0031323(L=4),GO:0031325(L=5),GO:0031326(L=5),GO:0031328(L=6),GO:0031334(L=6),GO:0031344(L=5),GO:0031345(L=6),GO:0031346(L=6),GO:0031497(L=7),GO:0031503(L=4),GO:0031532(L=5),GO:0031589(L=3),GO:0031644(L=5),GO:0031667(L=4),GO:0031960(L=5),GO:0032231(L=5),GO:0032233(L=5),GO:0032268(L=5),GO:0032270(L=6),GO:0032271(L=8),GO:0032273(L=8),GO:0032386(L=5),GO:0032388(L=6),GO:0032465(L=6),GO:0032501(L=1),GO:0032502(L=1),GO:0032504(L=2),GO:0032505(L=2),GO:0032506(L=4),GO:0032535(L=3),GO:0032570(L=5),GO:0032870(L=4),GO:0032878(L=4),GO:0032879(L=3),GO:0032880(L=4),GO:0032881(L=5),GO:0032885(L=6),GO:0032889(L=7),GO:0032948(L=8),GO:0032949(L=9),GO:0032950(L=8),GO:0032951(L=9),GO:0032952(L=9),GO:0032953(L=8),GO:0032954(L=7),GO:0032955(L=8),GO:0032956(L=5),GO:0032970(L=4),GO:0032989(L=4),GO:0032990(L=5),GO:0032995(L=5),GO:0033036(L=2),GO:0033043(L=5),GO:0033143(L=5),GO:0033144(L=6),GO:0033157(L=6),GO:0033306(L=5),GO:0033554(L=3),GO:0033688(L=5),GO:0033993(L=4),GO:0034284(L=5),GO:0034308(L=5),GO:0034310(L=6),GO:0034329(L=4),GO:0034330(L=3),GO:0034599(L=4),GO:0034613(L=4),GO:0034614(L=5),GO:0034622(L=5),GO:0034641(L=3),GO:0034645(L=4),GO:0034655(L=4),GO:0034728(L=5),GO:0035006(L=4),GO:0035026(L=6),GO:0035088(L=5),GO:0035090(L=5),GO:0035099(L=5),GO:0035107(L=4),GO:0035114(L=5),GO:0035120(L=6),GO:0035146(L=5),GO:0035147(L=7),GO:0035148(L=4),GO:0035149(L=6),GO:0035150(L=4),GO:0035151(L=6),GO:0035152(L=6),GO:0035159(L=8),GO:0035162(L=7),GO:0035220(L=7),GO:0035239(L=4),GO:0035272(L=5),GO:0035277(L=6),GO:0035295(L=4),GO:0035298(L=5),GO:0035315(L=8),GO:0035316(L=7),GO:0035317(L=6),GO:0035556(L=4),GO:0035821(L=2),GO:0036089(L=5),GO:0036293(L=4),GO:0036342(L=4),GO:0038127(L=7),GO:0038179(L=6),GO:0040001(L=5),GO:0040007(L=1),GO:0040008(L=3),GO:0040011(L=1),GO:0040012(L=3),GO:0040017(L=4),GO:0042060(L=4),GO:0042063(L=7),GO:0042067(L=7),GO:0042074(L=5),GO:0042127(L=4),GO:0042221(L=2),GO:0042278(L=5),GO:0042306(L=7),GO:0042307(L=8),GO:0042330(L=3),GO:0042345(L=7),GO:0042346(L=8),GO:0042440(L=3),GO:0042454(L=7),GO:0042493(L=3),GO:0042542(L=4),GO:0042594(L=3),GO:0042692(L=5),GO:0042981(L=6),GO:0042990(L=8),GO:0042993(L=8),GO:0043065(L=7),GO:0043066(L=7),GO:0043067(L=5),GO:0043068(L=6),GO:0043069(L=6),GO:0043085(L=4),GO:0043122(L=6),GO:0043123(L=7),GO:0043124(L=7),GO:0043149(L=6),GO:0043170(L=3),GO:0043200(L=4),GO:0043254(L=6),GO:0043255(L=5),GO:0043269(L=5),GO:0043270(L=6),GO:0043280(L=9),GO:0043281(L=9),GO:0043297(L=6),GO:0043523(L=6),GO:0043524(L=8),GO:0043525(L=7),GO:0043583(L=7),GO:0043588(L=6),GO:0043623(L=6),GO:0043931(L=7),GO:0043933(L=3),GO:0044003(L=5),GO:0044057(L=4),GO:0044085(L=2),GO:0044087(L=3),GO:0044088(L=6),GO:0044093(L=3),GO:0044237(L=2),GO:0044238(L=2),GO:0044248(L=3),GO:0044249(L=3),GO:0044255(L=3),GO:0044260(L=3),GO:0044267(L=4),GO:0044270(L=4),GO:0044281(L=3),GO:0044282(L=4),GO:0044403(L=3),GO:0044419(L=2),GO:0044699(L=1),GO:0044700(L=2),GO:0044702(L=3),GO:0044706(L=2),GO:0044707(L=2),GO:0044710(L=2),GO:0044712(L=3),GO:0044763(L=2),GO:0044764(L=2),GO:0044765(L=3),GO:0044767(L=2),GO:0045087(L=3),GO:0045137(L=4),GO:0045184(L=4),GO:0045197(L=6),GO:0045199(L=6),GO:0045216(L=4),GO:0045471(L=5),GO:0045595(L=5),GO:0045596(L=5),GO:0045597(L=5),GO:0045664(L=8),GO:0045665(L=9),GO:0045666(L=9),GO:0045727(L=7),GO:0045765(L=5),GO:0045766(L=6),GO:0045785(L=4),GO:0045786(L=5),GO:0045807(L=6),GO:0045907(L=8),GO:0045927(L=4),GO:0045933(L=7),GO:0045987(L=8),GO:0045995(L=5),GO:0046039(L=7),GO:0046128(L=7),GO:0046130(L=7),GO:0046148(L=4),GO:0046164(L=5),GO:0046292(L=4),GO:0046434(L=4),GO:0046483(L=3),GO:0046663(L=7),GO:0046683(L=4),GO:0046700(L=4),GO:0046822(L=7),GO:0046824(L=7),GO:0046907(L=3),GO:0046928(L=4),GO:0048011(L=6),GO:0048015(L=6),GO:0048017(L=5),GO:0048285(L=4),GO:0048468(L=5),GO:0048477(L=4),GO:0048513(L=4),GO:0048514(L=4),GO:0048518(L=3),GO:0048519(L=3),GO:0048522(L=4),GO:0048523(L=4),GO:0048534(L=3),GO:0048545(L=4),GO:0048546(L=4),GO:0048563(L=4),GO:0048565(L=5),GO:0048568(L=5),GO:0048569(L=6),GO:0048583(L=3),GO:0048584(L=4),GO:0048585(L=4),GO:0048589(L=2),GO:0048592(L=5),GO:0048598(L=5),GO:0048608(L=5),GO:0048609(L=3),GO:0048610(L=-1),GO:0048619(L=4),GO:0048646(L=3),GO:0048666(L=6),GO:0048667(L=6),GO:0048699(L=7),GO:0048707(L=5),GO:0048729(L=4),GO:0048731(L=4),GO:0048732(L=6),GO:0048736(L=4),GO:0048737(L=5),GO:0048749(L=8),GO:0048754(L=5),GO:0048762(L=5),GO:0048812(L=6),GO:0048813(L=6),GO:0048839(L=5),GO:0048840(L=4),GO:0048856(L=2),GO:0048858(L=5),GO:0048863(L=5),GO:0048864(L=6),GO:0048869(L=3),GO:0048870(L=3),GO:0050767(L=7),GO:0050768(L=8),GO:0050769(L=8),GO:0050770(L=10),GO:0050771(L=11),GO:0050772(L=11),GO:0050773(L=10),GO:0050789(L=2),GO:0050790(L=3),GO:0050793(L=3),GO:0050794(L=3),GO:0050804(L=8),GO:0050817(L=3),GO:0050878(L=3),GO:0050896(L=1),GO:0051017(L=7),GO:0051046(L=5),GO:0051047(L=6),GO:0051049(L=4),GO:0051050(L=4),GO:0051056(L=6),GO:0051093(L=4),GO:0051094(L=4),GO:0051128(L=4),GO:0051129(L=5),GO:0051130(L=5),GO:0051146(L=6),GO:0051171(L=4),GO:0051179(L=1),GO:0051222(L=6),GO:0051223(L=5),GO:0051225(L=6),GO:0051234(L=2),GO:0051239(L=3),GO:0051240(L=4),GO:0051246(L=5),GO:0051247(L=6),GO:0051252(L=5),GO:0051270(L=4),GO:0051272(L=5),GO:0051276(L=4),GO:0051293(L=6),GO:0051301(L=3),GO:0051302(L=4),GO:0051336(L=4),GO:0051345(L=5),GO:0051384(L=6),GO:0051403(L=6),GO:0051492(L=7),GO:0051493(L=6),GO:0051495(L=7),GO:0051496(L=7),GO:0051588(L=5),GO:0051590(L=6),GO:0051591(L=4),GO:0051640(L=3),GO:0051641(L=2),GO:0051649(L=3),GO:0051653(L=5),GO:0051656(L=3),GO:0051674(L=2),GO:0051701(L=4),GO:0051704(L=1),GO:0051716(L=2),GO:0051726(L=4),GO:0051817(L=4),GO:0051924(L=9),GO:0051952(L=6),GO:0051954(L=6),GO:0051960(L=5),GO:0051969(L=5),GO:0052547(L=7),GO:0052548(L=7),GO:0055001(L=6),GO:0055002(L=7),GO:0055085(L=4),GO:0055086(L=3),GO:0055114(L=3),GO:0055123(L=5),GO:0060019(L=8),GO:0060178(L=7),GO:0060237(L=5),GO:0060255(L=4),GO:0060284(L=5),GO:0060317(L=7),GO:0060341(L=4),GO:0060348(L=5),GO:0060429(L=4),GO:0060446(L=6),GO:0060485(L=4),GO:0060537(L=4),GO:0060538(L=7),GO:0060541(L=5),GO:0060548(L=5),GO:0060560(L=3),GO:0060562(L=6),GO:0060571(L=6),GO:0060583(L=5),GO:0060627(L=5),GO:0061061(L=3),GO:0061138(L=6),GO:0061245(L=4),GO:0061326(L=5),GO:0061333(L=6),GO:0061351(L=3),GO:0061383(L=4),GO:0061458(L=5),GO:0061525(L=7),GO:0061564(L=8),GO:0061572(L=6),GO:0065003(L=4),GO:0065004(L=6),GO:0065007(L=1),GO:0065008(L=2),GO:0065009(L=2),GO:0070201(L=5),GO:0070271(L=3),GO:0070301(L=6),GO:0070482(L=3),GO:0070593(L=8),GO:0070605(L=9),GO:0070606(L=8),GO:0070607(L=9),GO:0070608(L=8),GO:0070609(L=10),GO:0070610(L=9),GO:0070727(L=3),GO:0070848(L=4),GO:0070887(L=3),GO:0070925(L=4),GO:0070977(L=6),GO:0071103(L=5),GO:0071214(L=3),GO:0071310(L=4),GO:0071363(L=5),GO:0071383(L=5),GO:0071393(L=6),GO:0071396(L=5),GO:0071407(L=5),GO:0071478(L=4),GO:0071479(L=5),GO:0071495(L=3),GO:0071559(L=3),GO:0071560(L=4),GO:0071688(L=5),GO:0071695(L=4),GO:0071702(L=4),GO:0071704(L=2),GO:0071801(L=6),GO:0071803(L=6),GO:0071822(L=4),GO:0071824(L=4),GO:0071840(L=1),GO:0072001(L=5),GO:0072002(L=6),GO:0072089(L=3),GO:0072358(L=5),GO:0072359(L=5),GO:0072521(L=4),GO:0072523(L=5),GO:0075259(L=7),GO:0080090(L=4),GO:0090036(L=6),GO:0090037(L=7),GO:0090066(L=3),GO:0090130(L=3),GO:0090132(L=4),GO:0090254(L=6),GO:0090257(L=5),GO:0090304(L=4),GO:0090307(L=7),GO:0090316(L=7),GO:0090334(L=8),GO:0097285(L=-1),GO:0097305(L=4),GO:0097485(L=4),GO:1900180(L=7),GO:1901068(L=7),GO:1901069(L=8),GO:1901135(L=3),GO:1901136(L=4),GO:1901214(L=5),GO:1901215(L=6),GO:1901216(L=6),GO:1901292(L=4),GO:1901342(L=5),GO:1901360(L=3),GO:1901361(L=4),GO:1901564(L=3),GO:1901565(L=4),GO:1901575(L=3),GO:1901576(L=3),GO:1901615(L=3),GO:1901616(L=4),GO:1901654(L=4),GO:1901655(L=5),GO:1901657(L=3),GO:1901658(L=4),GO:1901698(L=3),GO:1901700(L=3),GO:1901701(L=4),GO:1901891(L=5),GO:1902115(L=5),GO:1902117(L=5),GO:2000026(L=4),GO:2000112(L=6),GO:2000116(L=8),GO:2000145(L=4),GO:2000147(L=6),GO:2000177(L=5),GO:2000769(L=5),GO:2001056(L=8),GO:2001141(L=6),	GO:0000131(L=4),GO:0000148(L=5),GO:0000785(L=5),GO:0000786(L=3),GO:0000935(L=4),GO:0001726(L=3),GO:0005575(L=0),GO:0005622(L=3),GO:0005623(L=1),GO:0005634(L=5),GO:0005635(L=4),GO:0005643(L=5),GO:0005694(L=4),GO:0005737(L=4),GO:0005739(L=5),GO:0005740(L=6),GO:0005741(L=5),GO:0005743(L=5),GO:0005768(L=5),GO:0005770(L=7),GO:0005773(L=5),GO:0005777(L=6),GO:0005778(L=7),GO:0005783(L=4),GO:0005789(L=3),GO:0005794(L=4),GO:0005811(L=5),GO:0005829(L=4),GO:0005856(L=5),GO:0005886(L=3),GO:0005911(L=2),GO:0005933(L=3),GO:0005934(L=3),GO:0005935(L=3),GO:0005937(L=4),GO:0005938(L=5),GO:0009506(L=3),GO:0009507(L=6),GO:0009526(L=6),GO:0009536(L=5),GO:0009898(L=3),GO:0009941(L=7),GO:0010008(L=5),GO:0012505(L=3),GO:0016020(L=1),GO:0016021(L=4),GO:0019866(L=4),GO:0019867(L=2),GO:0019897(L=3),GO:0019898(L=3),GO:0030027(L=3),GO:0030054(L=1),GO:0030424(L=5),GO:0030427(L=3),GO:0030428(L=3),GO:0030496(L=3),GO:0031090(L=3),GO:0031224(L=3),GO:0031234(L=4),GO:0031252(L=3),GO:0031253(L=3),GO:0031256(L=3),GO:0031300(L=3),GO:0031301(L=4),GO:0031306(L=5),GO:0031307(L=6),GO:0031312(L=3),GO:0031520(L=3),GO:0031902(L=7),GO:0031903(L=6),GO:0031966(L=5),GO:0031967(L=3),GO:0031968(L=4),GO:0031975(L=3),GO:0032153(L=3),GO:0032154(L=4),GO:0032155(L=3),GO:0032587(L=4),GO:0032592(L=4),GO:0032991(L=1),GO:0032993(L=2),GO:0042175(L=3),GO:0042406(L=4),GO:0042579(L=5),GO:0042995(L=3),GO:0043005(L=4),GO:0043226(L=1),GO:0043227(L=2),GO:0043228(L=2),GO:0043229(L=3),GO:0043231(L=4),GO:0043232(L=3),GO:0043234(L=2),GO:0043296(L=3),GO:0043332(L=4),GO:0044422(L=2),GO:0044424(L=3),GO:0044425(L=2),GO:0044427(L=5),GO:0044428(L=5),GO:0044429(L=5),GO:0044432(L=5),GO:0044434(L=6),GO:0044435(L=5),GO:0044438(L=5),GO:0044439(L=6),GO:0044440(L=6),GO:0044444(L=4),GO:0044446(L=3),GO:0044455(L=4),GO:0044459(L=3),GO:0044463(L=3),GO:0044464(L=2),GO:0046930(L=4),GO:0051286(L=3),GO:0055044(L=1),GO:0060187(L=3),GO:0070451(L=4),GO:0071944(L=3),GO:0097458(L=3),	GO:0000166(L=3),GO:0001882(L=3),GO:0001883(L=4),GO:0003674(L=0),GO:0003676(L=3),GO:0003677(L=4),GO:0003723(L=4),GO:0003743(L=6),GO:0003824(L=1),GO:0003924(L=7),GO:0004028(L=5),GO:0004029(L=5),GO:0004030(L=5),GO:0004033(L=5),GO:0004620(L=5),GO:0004767(L=6),GO:0004871(L=1),GO:0005215(L=1),GO:0005488(L=1),GO:0005515(L=2),GO:0005525(L=7),GO:0008081(L=5),GO:0008106(L=6),GO:0008135(L=5),GO:0008565(L=3),GO:0015238(L=3),GO:0015291(L=4),GO:0015297(L=5),GO:0016298(L=4),GO:0016462(L=5),GO:0016491(L=2),GO:0016614(L=3),GO:0016616(L=4),GO:0016620(L=4),GO:0016787(L=2),GO:0016788(L=3),GO:0016817(L=3),GO:0016818(L=4),GO:0016899(L=4),GO:0016903(L=3),GO:0017076(L=4),GO:0017111(L=6),GO:0019001(L=5),GO:0019003(L=4),GO:0019899(L=3),GO:0019900(L=4),GO:0019901(L=5),GO:0022804(L=3),GO:0022857(L=2),GO:0022892(L=2),GO:0032549(L=4),GO:0032550(L=5),GO:0032553(L=3),GO:0032555(L=4),GO:0032561(L=6),GO:0033721(L=5),GO:0035639(L=4),GO:0036094(L=2),GO:0042578(L=4),GO:0043167(L=2),GO:0043168(L=3),GO:0046577(L=5),GO:0047770(L=4),GO:0050061(L=6),GO:0052814(L=6),GO:0060089(L=1),GO:0090484(L=2),GO:0097159(L=2),GO:1901265(L=3),GO:1901363(L=2),	PFAM (Aldedh, LuxC), SMART (TRANS)	NA
TR238224|c3_g1_i1	11.2036125574736	1.71204405126983e-06	0.00144269513124439	0.000505690603984623	0.25353759177385				FALSE	NA											NA
TR79070|c0_g1_i1	1.59819945909169	2.60269667616995e-06	0.00144269566152662	0.000325682092226957	0.25391106430277				FALSE	NA											NA
TR201503|c0_g1_i2	5.59262413049379	1.94675007442543e-06	0.0014426951623016	0.000572277514598773	0.29275220613377				FALSE	NA											NA
TR272547|c0_g1_i1	26.0581563479752	-6.71448793685098e-07	0.00144269506304999	0.000386972039491355	0.293314056711128				FALSE	NA											NA
TR62277|c0_g1_i1	5.97220828297786	1.69447938056853e-06	0.00144269510582743	0.000398153504716925	0.297655196800294				FALSE	NA											NA
TR110151|c0_g1_i1	21.9359017964405	-3.52455483194694e-06	0.00144269568486638	0.000647253230986574	0.3008762596207	XP_014271178.1 GAS2-like protein pickled eggs [Halyomorpha halys]	halyomorpha halys	No	FALSE	NA					Growth-Arrest-Specific Protein 2 Domain		GO:0000003(L=1),GO:0000902(L=5),GO:0000904(L=5),GO:0003006(L=2),GO:0007049(L=3),GO:0007050(L=5),GO:0007276(L=3),GO:0007292(L=5),GO:0008150(L=0),GO:0008593(L=5),GO:0009653(L=3),GO:0009966(L=4),GO:0009968(L=5),GO:0009987(L=1),GO:0010646(L=4),GO:0010648(L=5),GO:0016043(L=2),GO:0019953(L=2),GO:0022402(L=4),GO:0022412(L=3),GO:0022414(L=2),GO:0023051(L=3),GO:0023057(L=4),GO:0030154(L=4),GO:0030707(L=5),GO:0030713(L=4),GO:0032501(L=1),GO:0032502(L=1),GO:0032504(L=2),GO:0032989(L=4),GO:0044699(L=1),GO:0044702(L=3),GO:0044763(L=2),GO:0044767(L=2),GO:0045746(L=6),GO:0045786(L=5),GO:0048468(L=5),GO:0048477(L=4),GO:0048519(L=3),GO:0048523(L=4),GO:0048583(L=3),GO:0048585(L=4),GO:0048609(L=3),GO:0048610(L=-1),GO:0048856(L=2),GO:0048869(L=3),GO:0050789(L=2),GO:0050794(L=3),GO:0051726(L=4),GO:0065007(L=1),GO:0071840(L=1),			PFAM (GAS2, CH), SMART (GAS2, CH, COIL)	pickled eggs
TR284909|c2_g2_i2	30.5187145586721	-4.10199499950679e-07	0.00144269499541348	0.000419001644211038	0.3008762596207				FALSE	NA											NA
TR286780|c0_g1_i4	5.49905075687312	5.42165582764541e-07	0.00144269508690619	0.000242637987197228	0.3008762596207				FALSE	NA											NA
TR207584|c0_g2_i2	5.61121929954947	-7.76518223163327e-08	0.00144269503703963	0.000457093469674423	0.323966480701454				FALSE	NA											NA
TR271344|c3_g1_i2	17.1545142900318	-1.35269082923753e-06	0.0014426950780353	0.000712487129438694	0.32756823084924				FALSE	NA											NA
TR275717|c0_g1_i1	9.62670213086708	-5.34859269174862e-07	0.0014426950415384	0.000468278454358063	0.32756823084924	tr|R4WQ28|R4WQ28_RIPPE Uncharacterized protein OS=Riptortus pedestris OX=329032 PE=2 SV=1	riptortus pedestris	No	FALSE	NA											NA
TR242964|c0_g1_i1	6.6135658647225	-5.5011402759423e-06	0.00144269686273347	0.000482264639130316	0.328988880198724				FALSE	NA											NA
TR219410|c2_g22_i1	20.4405149597641	2.68366616616852e-06	0.00144269542461921	0.000805336543321245	0.338825571484062				FALSE	NA											NA
TR241536|c0_g1_i2	8.59659245341309	5.50921004875444e-06	0.00144269652627052	0.000801449296435944	0.338825571484062	tr|A0A0F8AVF7|A0A0F8AVF7_LARCR PiggyBac transposable element-derived protein 4 OS=Larimichthys crocea OX=215358 GN=EH28_03227 PE=4 SV=1	larimichthys crocea	No	FALSE	NA					piggyBac transposable element derived					PFAM (SCAN), SMART (SCAN, TRANS)	NA
TR225540|c2_g1_i4	48.4066653992491	-7.11049764852224e-07	0.00144269501328489	0.000816433630331351	0.3388841751181				FALSE	NA											NA
TR275611|c0_g1_i1	4.17788798725268	1.97912655495924e-06	0.0014426953663657	0.000521608654486026	0.3388841751181	tr|A0A2R7VXL4|A0A2R7VXL4_ONCFA Uncharacterized protein (Fragment) OS=Oncopeltus fasciatus OX=7536 GN=OFAS_OFAS003329 PE=3 SV=1	oncopeltus fasciatus	No	FALSE	NA					Inherit from biNOG: cytochrome P450		GO:0008150(L=0),GO:0008152(L=1),GO:0044710(L=2),GO:0055114(L=3),		GO:0003674(L=0),GO:0003824(L=1),GO:0004497(L=3),GO:0005488(L=1),GO:0005506(L=6),GO:0009055(L=1),GO:0016491(L=2),GO:0016705(L=3),GO:0020037(L=4),GO:0043167(L=2),GO:0043169(L=3),GO:0046872(L=4),GO:0046906(L=3),GO:0046914(L=5),GO:0097159(L=2),GO:1901363(L=2),	PFAM (p450), SMART (TRANS)	NA
TR232582|c0_g1_i2	3.60050326529154	-1.7889643773573e-07	0.00144269503783085	0.000544175382164974	0.341354336853693	XP_024216403.1 DNA-directed RNA polymerase III subunit RPC3 [Halyomorpha halys]	halyomorpha halys	No	FALSE	NA					DNA-directed RNA polymerase III	230,240,1100,3020,4623,5169	GO:0006139(L=3),GO:0006351(L=5),GO:0006383(L=6),GO:0006725(L=3),GO:0006807(L=2),GO:0008150(L=0),GO:0008152(L=1),GO:0009058(L=2),GO:0009059(L=4),GO:0009987(L=1),GO:0010467(L=4),GO:0016070(L=4),GO:0018130(L=4),GO:0019438(L=4),GO:0032774(L=5),GO:0034641(L=3),GO:0034645(L=4),GO:0034654(L=4),GO:0043170(L=3),GO:0044237(L=2),GO:0044238(L=2),GO:0044249(L=3),GO:0044260(L=3),GO:0044271(L=4),GO:0046483(L=3),GO:0071704(L=2),GO:0090304(L=4),GO:1901360(L=3),GO:1901362(L=4),GO:1901576(L=3),	GO:0000428(L=5),GO:0005575(L=0),GO:0005622(L=3),GO:0005623(L=1),GO:0005634(L=5),GO:0005654(L=5),GO:0005666(L=7),GO:0030880(L=4),GO:0031974(L=1),GO:0031981(L=6),GO:0032991(L=1),GO:0043226(L=1),GO:0043227(L=2),GO:0043229(L=3),GO:0043231(L=4),GO:0043233(L=2),GO:0043234(L=2),GO:0044422(L=2),GO:0044424(L=3),GO:0044428(L=5),GO:0044446(L=3),GO:0044451(L=5),GO:0044464(L=2),GO:0055029(L=5),GO:0070013(L=3),	GO:0003674(L=0),GO:0003676(L=3),GO:0003677(L=4),GO:0003824(L=1),GO:0003899(L=7),GO:0005488(L=1),GO:0016740(L=2),GO:0016772(L=3),GO:0016779(L=4),GO:0034062(L=6),GO:0097159(L=2),GO:1901363(L=2),	PFAM (RNA_pol_Rpc82, HTH_9, TFIIE_alpha)	NA
TR242864|c3_g1_i10	3.211957829366	-1.98753741588275e-07	0.00144269504663254	0.000543625846256336	0.341354336853693				FALSE	NA				HDGFL1	hepatoma derived growth factor-like 1					PFAM (PWWP), SMART (PWWP)	NA
TR281962|c0_g1_i1	59.7492962516998	-1.45546894488534e-06	0.00144269502979853	0.000853795111559739	0.341354336853693	XP_014273116.1 probable salivary secreted peptide [Halyomorpha halys]	halyomorpha halys	No	FALSE	NA					NA					SMART (SIGNAL, TRANS)	NA
TR235732|c1_g1_i1	11.4522109833354	7.74332762698239e-07	0.00144269500229244	0.000556221731828697	0.344945963554765	XP_014274271.1 trimethylguanosine synthase isoform X1 [Halyomorpha halys]	halyomorpha halys	No	FALSE	NA					RNA cap guanine-N2 methyltransferase	3013	GO:0001510(L=4),GO:0006139(L=3),GO:0006396(L=5),GO:0006725(L=3),GO:0006807(L=2),GO:0008150(L=0),GO:0008152(L=1),GO:0009451(L=5),GO:0009452(L=7),GO:0009987(L=1),GO:0010467(L=4),GO:0016070(L=4),GO:0032259(L=2),GO:0034641(L=3),GO:0036260(L=7),GO:0043170(L=3),GO:0043412(L=4),GO:0043414(L=3),GO:0044237(L=2),GO:0044238(L=2),GO:0044260(L=3),GO:0046483(L=3),GO:0071704(L=2),GO:0090304(L=4),GO:1901360(L=3),		GO:0003674(L=0),GO:0003824(L=1),GO:0008168(L=4),GO:0016740(L=2),GO:0016741(L=3),	PFAM (Methyltransf_15, UPF0020, Met_10, Cons_hypoth95, MTS)	NA
TR229912|c6_g1_i2	5.74317503367842	-2.64098188968728e-07	0.00144269504176113	0.000570281196372659	0.346124820633597				FALSE	NA											NA
TR250928|c5_g3_i1	41.8925468142733	2.61027058018837e-06	0.00144269540021138	0.000574611258831029	0.346124820633597				FALSE	NA											cuticle protein
TR253150|c0_g1_i1	108.296505167763	-9.59390487752146e-07	0.00144269503877499	0.000867206038187006	0.346124820633597	XP_014284768.2 aminopeptidase N-like [Halyomorpha halys]	halyomorpha halys	No	FALSE	NA				TRHDE	Aminopeptidase	480,1100,4614,4640	GO:0000003(L=1),GO:0001525(L=4),GO:0001568(L=5),GO:0001944(L=5),GO:0006508(L=4),GO:0006725(L=3),GO:0007097(L=5),GO:0007154(L=2),GO:0007165(L=3),GO:0007267(L=3),GO:0007275(L=3),GO:0007338(L=5),GO:0008150(L=0),GO:0008152(L=1),GO:0009566(L=3),GO:0009653(L=3),GO:0009790(L=4),GO:0009792(L=5),GO:0009987(L=1),GO:0016032(L=3),GO:0019048(L=4),GO:0019538(L=3),GO:0019953(L=2),GO:0022414(L=2),GO:0023052(L=1),GO:0030154(L=4),GO:0032501(L=1),GO:0032502(L=1),GO:0032844(L=4),GO:0032879(L=3),GO:0035046(L=5),GO:0035813(L=5),GO:0035814(L=5),GO:0035821(L=2),GO:0040023(L=4),GO:0043170(L=3),GO:0044003(L=5),GO:0044057(L=4),GO:0044062(L=6),GO:0044237(L=2),GO:0044238(L=2),GO:0044403(L=3),GO:0044419(L=2),GO:0044699(L=1),GO:0044700(L=2),GO:0044702(L=3),GO:0044707(L=2),GO:0044763(L=2),GO:0044764(L=2),GO:0044767(L=2),GO:0045165(L=5),GO:0045168(L=5),GO:0046331(L=7),GO:0048514(L=4),GO:0048519(L=3),GO:0048646(L=3),GO:0048731(L=4),GO:0048856(L=2),GO:0048869(L=3),GO:0050789(L=2),GO:0050794(L=3),GO:0050896(L=1),GO:0051046(L=5),GO:0051048(L=6),GO:0051049(L=4),GO:0051051(L=4),GO:0051179(L=1),GO:0051234(L=2),GO:0051239(L=3),GO:0051241(L=4),GO:0051640(L=3),GO:0051641(L=2),GO:0051647(L=4),GO:0051649(L=3),GO:0051656(L=3),GO:0051701(L=4),GO:0051704(L=1),GO:0051716(L=2),GO:0051817(L=4),GO:0065007(L=1),GO:0065008(L=2),GO:0071704(L=2),GO:0072358(L=5),GO:0072359(L=5),GO:2000021(L=6),	GO:0005575(L=0),GO:0005622(L=3),GO:0005623(L=1),GO:0005737(L=4),GO:0005793(L=5),GO:0005829(L=4),GO:0005886(L=3),GO:0005887(L=4),GO:0009897(L=3),GO:0009986(L=3),GO:0012506(L=4),GO:0016020(L=1),GO:0016021(L=4),GO:0031090(L=3),GO:0031224(L=3),GO:0031226(L=3),GO:0031974(L=1),GO:0031982(L=3),GO:0031983(L=4),GO:0043226(L=1),GO:0043227(L=2),GO:0043229(L=3),GO:0043231(L=4),GO:0043233(L=2),GO:0044422(L=2),GO:0044424(L=3),GO:0044425(L=2),GO:0044444(L=4),GO:0044459(L=3),GO:0044464(L=2),GO:0071944(L=3),	GO:0003674(L=0),GO:0003824(L=1),GO:0004175(L=5),GO:0004177(L=6),GO:0004222(L=6),GO:0004872(L=2),GO:0005488(L=1),GO:0008233(L=3),GO:0008237(L=5),GO:0008238(L=5),GO:0008270(L=6),GO:0016787(L=2),GO:0033218(L=2),GO:0042277(L=3),GO:0043167(L=2),GO:0043169(L=3),GO:0046872(L=4),GO:0046914(L=5),GO:0070011(L=4),	PFAM (Peptidase_M1), SMART (TRANS, SIGNAL, COIL)	NA
TR215801|c0_g3_i1	2.5969448057875	-4.61737171450941e-07	0.00144269502837381	0.000295766621809086	0.347990750746225				FALSE	NA											NA
TR232360|c1_g1_i1	28.1214172608024	0.910981199294789	0.419646007775622	0.000938075997694594	0.347990750746225				FALSE	NA											NA
TR219039|c13_g4_i2	4.23594788274816	-4.31825326525441e-06	0.00144269638099255	0.000353896852912281	0.353103661421798	tr|A0A499U589|A0A499U589_PLAST Peptidoglycan recognition protein L1, isoform B OS=Plautia stali OX=106108 GN=PGRP-L1b PE=2 SV=1	plautia stali	No	FALSE	NA				PGRPLC	Peptidoglycan recognition protein		GO:0000270(L=6),GO:0006022(L=4),GO:0006026(L=5),GO:0006027(L=6),GO:0006807(L=2),GO:0008150(L=0),GO:0008152(L=1),GO:0009056(L=2),GO:0009057(L=4),GO:0009253(L=7),GO:0030203(L=5),GO:0043170(L=3),GO:0071704(L=2),GO:1901135(L=3),GO:1901136(L=4),GO:1901564(L=3),GO:1901565(L=4),GO:1901575(L=3),		GO:0003674(L=0),GO:0003824(L=1),GO:0005488(L=1),GO:0008270(L=6),GO:0008745(L=3),GO:0016787(L=2),GO:0016810(L=3),GO:0016811(L=4),GO:0043167(L=2),GO:0043169(L=3),GO:0046872(L=4),GO:0046914(L=5),	PFAM (Amidase_2), SMART (PGRP, TRANS, Ami_2)	PGRPLC
TR257977|c0_g1_i1	7.29561267089959	3.81016633171972e-06	0.00144269573316746	0.000633998495735866	0.360414936523845				FALSE	NA											NA
TR271420|c0_g2_i1	10.0547009985736	-1.15198627755355e-06	0.00144269507783922	0.000944677419323765	0.360414936523845				FALSE	NA											NA
TR231078|c0_g1_i2	29.2310307404387	-1.4427267342724e-06	0.00144269518705094	0.00102903216703021	0.365158024446024				FALSE	NA											NA
TR245545|c0_g4_i2	10.9384290526698	2.71264628994554e-06	0.00144269554483968	0.000692282262135284	0.381622345189606				FALSE	NA											NA
TR252088|c1_g2_i3	22.3534923249023	-6.52975905888742e-06	0.00144269683908152	0.00103001264421879	0.381622345189606				FALSE	NA											NA
TR248699|c0_g1_i1	6.17659552121702	9.10632058770758e-07	0.00144269504541482	0.000412990498992327	0.387340968869781				FALSE	NA											NA
